Date,Close,Open,High,Low,Volumne
02/21/2018,"15,083.00","15,460.10","15,535.50","15,007.60",33650000
02/22/2018,"14,806.50","14,957.30","14,982.50","14,756.20",18890000
02/23/2018,"15,485.20","14,831.70","15,585.80","14,781.40",41000000
02/26/2018,"16,189.10","15,812.00","16,239.40","15,636.10",33580000
02/27/2018,"16,113.70","16,314.80","16,314.80","15,937.70",29820000
02/28/2018,"16,591.30","15,962.90","16,591.30","15,812.00",42360000
03/01/2018,"16,767.30","16,566.20","17,043.80","16,340.00",24980000
03/02/2018,"16,666.80","16,365.10","16,767.30","16,264.50",29690000
03/05/2018,"15,510.40","16,641.60","16,666.80","15,510.40",72680000
03/06/2018,"16,063.40","15,585.80","16,113.70","14,881.90",32750000
03/07/2018,"15,359.60","15,460.10","16,063.40","15,208.70",25730000
03/08/2018,"15,535.50","15,309.30","15,736.60","15,108.20",18310000
03/09/2018,"15,460.10","15,585.80","15,686.40","15,384.70",18370000
03/12/2018,"15,585.80","15,460.10","15,686.40","15,435.00",11370000
03/13/2018,"15,460.10","15,560.70","15,585.80","15,384.70",11210000
03/14/2018,"15,535.50","15,560.70","15,661.20","15,510.40",10170000
03/15/2018,"15,233.90","15,460.10","15,460.10","15,183.60",15900000
03/16/2018,"15,133.30","15,158.40","15,309.30","14,982.50",36920000
03/19/2018,"15,862.30","15,334.40","16,063.40","15,334.40",20000000
03/20/2018,"15,460.10","15,786.90","15,812.00","15,460.10",13120000
03/21/2018,"15,837.20","15,485.20","15,937.70","15,485.20",18650000
03/22/2018,"15,786.90","15,837.20","16,164.00","15,711.50",25230000
03/23/2018,"15,435.00","15,208.70","15,585.80","15,208.70",20780000
03/26/2018,"14,806.50","15,259.00","15,409.80","14,706.00",42410000
03/27/2018,"14,932.20","14,731.10","15,057.90","14,731.10",22220000
03/28/2018,"15,057.90","14,932.20","15,133.30","14,781.40",9240000
03/29/2018,"15,284.10","15,083.00","15,384.70","15,032.80",14120000
03/30/2018,"15,183.60","15,384.70","15,409.80","15,108.20",9880000
04/02/2018,"14,831.70","15,208.70","15,233.90","14,831.70",23360000
04/03/2018,"14,706.00","14,831.70","14,957.30","14,454.60",24340000
04/04/2018,"14,831.70","14,831.70","14,907.10","14,706.00",11150000
04/05/2018,"14,781.40","14,907.10","14,932.20","14,731.10",8010000
04/06/2018,"15,183.60","14,756.20","15,183.60","14,706.00",18780000
04/09/2018,"15,284.10","15,233.90","15,384.70","15,083.00",17170000
04/10/2018,"15,284.10","15,284.10","15,359.60","15,108.20",17830000
04/11/2018,"15,208.70","15,334.40","15,585.80","15,183.60",27560000
04/12/2018,"15,510.40","15,133.30","15,560.70","15,057.90",17300000
04/13/2018,"15,384.70","15,585.80","15,610.90","15,309.30",12550000
04/16/2018,"15,108.20","15,208.70","15,334.40","15,108.20",8350000
04/17/2018,"15,007.60","15,183.60","15,183.60","14,831.70",12910000
04/18/2018,"14,831.70","15,057.90","15,133.30","14,831.70",10570000
04/19/2018,"14,328.90","14,731.10","14,856.80","14,328.90",19620000
04/20/2018,"14,781.40","14,328.90","14,781.40","14,127.80",12640000
04/23/2018,"13,976.90","14,806.50","14,806.50","13,951.80",10820000
04/24/2018,"14,077.50","13,951.80","14,303.70","13,826.10",14600000
04/26/2018,"13,449.00","14,077.50","14,278.60","13,348.50",17830000
04/27/2018,"13,524.50","13,449.00","13,574.70","13,021.70",19680000
05/02/2018,"13,675.30","13,675.30","13,926.70","13,398.80",16090000
05/03/2018,"13,650.10","13,650.10","13,700.40","13,423.90",20410000
05/04/2018,"13,574.70","13,775.80","13,901.50","13,549.60",9960000
05/07/2018,"14,077.50","13,675.30","14,077.50","13,549.60",14460000
05/08/2018,"14,328.90","14,052.40","14,555.10","13,876.40",17970000
05/09/2018,"14,328.90","14,278.60","14,454.60","14,102.60",7730000
05/10/2018,"13,876.40","14,253.50","14,303.70","13,826.10",10070000
05/11/2018,"14,002.10","13,725.60","14,027.20","13,700.40",10460000
05/14/2018,"14,027.20","14,102.60","14,152.90","13,826.10",10730000
05/15/2018,"13,926.70","14,052.40","14,127.80","13,876.40",9520000
05/16/2018,"13,574.70","13,851.30","14,127.80","13,549.60",12050000
05/17/2018,"13,323.30","13,574.70","13,625.00","13,273.10",15780000
05/18/2018,"13,549.60","13,373.60","13,549.60","13,197.70",14350000
05/21/2018,"13,373.60","13,700.40","13,725.60","13,373.60",9070000
05/22/2018,"12,694.90","13,298.20","13,323.30","12,694.90",24150000
05/23/2018,"12,996.50","12,644.60","13,072.00","12,644.60",12620000
05/24/2018,"13,172.50","13,072.00","13,172.50","12,971.40",13990000
05/25/2018,"13,097.10","13,172.50","13,398.80","13,021.70",20500000
05/28/2018,"12,242.40","12,720.00","13,072.00","12,242.40",20340000
05/29/2018,"13,072.00","12,242.40","13,097.10","12,242.40",19100000
05/30/2018,"13,273.10","13,097.10","13,423.90","12,795.40",24160000
05/31/2018,"14,102.60","13,298.20","14,102.60","13,273.10",35390000
06/01/2018,"14,328.90","14,203.20","14,429.40","14,102.60",25470000
06/04/2018,"15,083.00","14,555.10","15,083.00","14,404.30",21640000
06/05/2018,"14,831.70","15,083.00","15,133.30","14,706.00",23470000
06/06/2018,"15,284.10","14,881.90","15,334.40","14,706.00",23240000
06/07/2018,"15,560.70","15,334.40","15,686.40","15,284.10",20880000
06/08/2018,"15,409.80","15,585.80","15,585.80","15,384.70",13800000
06/11/2018,"15,233.90","15,334.40","15,510.40","15,208.70",30820000
06/12/2018,"14,957.30","15,590.80","15,590.80","14,675.80",29000000
06/13/2018,"15,274.10","14,922.10","15,344.50","14,886.90",10040000
06/14/2018,"14,992.50","15,414.90","15,643.60","14,974.90",18000000
06/15/2018,"15,133.30","14,957.30","15,133.30","14,711.00",13200000
06/18/2018,"14,147.90","15,027.70","15,027.70","14,147.90",20230000
06/19/2018,"13,496.80","13,655.20","13,901.50","13,197.60",36040000
06/20/2018,"14,077.50","13,725.60","14,077.50","13,303.20",15790000
06/21/2018,"13,813.50","14,059.90","14,059.90","13,725.60",10620000
06/22/2018,"14,411.80","13,725.60","14,411.80","13,655.20",19650000
06/25/2018,"14,605.40","14,781.40","14,834.20","14,447.00",9480000
06/26/2018,"14,464.60","14,288.70","14,482.20","14,077.50",7320000
06/27/2018,"13,901.50","14,394.20","14,482.20","13,901.50",9240000
06/28/2018,"13,672.80","13,655.20","14,007.10","13,584.80",11660000
06/29/2018,"13,514.40","13,655.20","13,795.90","13,356.00",14160000
07/02/2018,"13,514.40","13,373.60","13,549.60","13,021.70",17040000
07/03/2018,"12,775.30","13,514.40","13,655.20","12,775.30",15940000
07/04/2018,"13,056.90","12,951.30","13,180.10","12,740.10",10320000
07/05/2018,"12,704.90","13,056.90","13,197.60","12,599.40",11630000
07/06/2018,"12,951.30","12,687.30","13,303.20","12,388.20",14450000
07/09/2018,"12,564.20","13,197.60","13,197.60","12,458.60",10530000
07/10/2018,"12,493.80","12,493.80","12,704.90","12,493.80",8280000
07/11/2018,"12,106.60","12,282.60","12,458.60","11,895.50",19240000
07/12/2018,"11,877.90","11,719.50","12,018.70","11,684.30",9110000
07/13/2018,"12,529.00","12,036.30","12,546.60","11,983.50",12950000
07/16/2018,"12,493.80","12,704.90","12,757.70","12,441.00",9110000
07/17/2018,"12,704.90","12,317.80","12,722.50","12,317.80",9250000
07/18/2018,"13,092.10","12,775.30","13,144.90","12,704.90",17330000
07/19/2018,"13,092.10","13,180.10","13,285.60","13,056.90",9620000
07/20/2018,"12,916.10","12,951.30","13,021.70","12,757.70",13620000
07/23/2018,"13,004.10","13,056.90","13,232.80","12,880.90",15320000
07/24/2018,"12,458.60","12,986.50","13,004.10","12,353.00",33530000
07/25/2018,"12,493.80","12,458.60","12,599.40","12,388.20",15670000
07/26/2018,"12,845.70","12,493.80","12,845.70","12,458.60",22500000
07/27/2018,"13,127.30","12,933.70","13,144.90","12,792.90",13170000
07/30/2018,"13,039.30","13,232.80","13,303.20","12,986.50",16540000
07/31/2018,"13,144.90","12,986.50","13,250.40","12,863.30",15800000
08/01/2018,"13,232.80","13,162.50","13,426.40","13,127.30",18780000
08/02/2018,"13,109.70","13,197.60","13,197.60","12,845.70",16630000
08/03/2018,"12,775.30","13,197.60","13,215.20","12,775.30",16290000
08/06/2018,"12,722.50","12,792.90","12,792.90","12,529.00",12720000
08/07/2018,"12,722.50","12,722.50","12,722.50","12,599.40",13320000
08/08/2018,"12,916.10","12,740.10","12,968.90","12,704.90",9400000
08/09/2018,"12,863.30","12,986.50","13,092.10","12,845.70",12560000
08/10/2018,"13,021.70","12,828.10","13,056.90","12,828.10",11520000
08/13/2018,"13,479.20","12,986.50","13,496.80","12,916.10",31210000
08/14/2018,"13,549.60","13,549.60","13,690.40","13,461.60",14550000
08/15/2018,"13,197.60","13,549.60","13,637.60","13,127.30",12830000
08/16/2018,"13,197.60","13,021.70","13,268.00","13,004.10",19150000
08/17/2018,"13,268.00","13,338.40","13,444.00","13,180.10",10250000
08/20/2018,"13,109.70","13,268.00","13,268.00","13,074.50",9700000
08/21/2018,"13,197.60","13,056.90","13,197.60","13,039.30",9370000
08/22/2018,"13,373.60","13,232.80","13,514.40","13,180.10",16580000
08/23/2018,"13,408.80","13,338.40","13,496.80","13,338.40",10540000
08/24/2018,"13,496.80","13,373.60","13,514.40","13,303.20",15540000
08/27/2018,"13,708.00","13,584.80","13,831.10","13,549.60",14970000
08/28/2018,"14,042.30","13,725.60","14,147.90","13,725.60",30150000
08/29/2018,"13,936.70","14,077.50","14,306.30","13,936.70",18830000
08/30/2018,"13,954.30","13,936.70","14,007.10","13,778.30",17650000
08/31/2018,"14,059.90","14,007.10","14,200.70","13,936.70",16790000
09/04/2018,"13,725.60","13,971.90","14,042.30","13,725.60",12250000
09/05/2018,"13,584.80","13,655.20","13,813.50","13,549.60",12680000
09/06/2018,"13,602.40","13,584.80","13,795.90","13,549.60",12280000
09/07/2018,"13,971.90","13,584.80","14,007.10","13,584.80",14800000
09/10/2018,"13,795.90","13,954.30","14,007.10","13,795.90",7050000
09/11/2018,"14,077.50","13,743.20","14,147.90","13,743.20",18940000
09/12/2018,"13,901.50","14,112.70","14,165.50","13,901.50",15350000
09/13/2018,"13,989.50","13,971.90","14,165.50","13,901.50",13010000
09/14/2018,"13,901.50","14,007.10","14,095.10","13,901.50",12740000
09/17/2018,"13,883.90","13,831.10","13,954.30","13,778.30",6500000
09/18/2018,"13,883.90","13,795.90","13,883.90","13,655.20",19940000
09/19/2018,"13,954.30","14,007.10","14,042.30","13,936.70",12290000
09/20/2018,"14,394.20","14,042.30","14,394.20","13,971.90",27310000
09/21/2018,"14,535.00","14,429.40","14,570.20","14,306.30",39080000
09/24/2018,"14,535.00","14,675.80","14,675.80","14,464.60",12130000
09/25/2018,"14,517.40","14,429.40","14,570.20","14,376.60",12250000
09/26/2018,"14,429.40","14,517.40","14,587.80","14,429.40",13730000
09/27/2018,"14,623.00","14,499.80","14,640.60","14,464.60",15310000
09/28/2018,"14,886.90","14,640.60","14,904.50","14,605.40",26330000
10/01/2018,"14,922.10","14,886.90","15,115.70","14,799.00",18660000
10/02/2018,"14,535.00","14,693.40","14,799.00","14,482.20",29030000
10/03/2018,"14,535.00","14,429.40","14,640.60","14,429.40",13670000
10/04/2018,"14,570.20","14,499.80","14,570.20","14,394.20",32600000
10/05/2018,"14,587.80","14,570.20","14,746.20","14,499.80",16560000
10/08/2018,"14,499.80","14,499.80","14,587.80","14,447.00",10240000
10/09/2018,"14,429.40","14,605.40","14,605.40","14,429.40",10150000
10/10/2018,"14,570.20","14,464.60","14,693.40","14,411.80",18460000
10/11/2018,"14,042.30","14,112.70","14,288.70","13,831.10",43780000
10/12/2018,"14,359.00","13,866.30","14,359.00","13,866.30",18060000
10/15/2018,"14,200.70","14,323.80","14,323.80","14,147.90",11550000
10/16/2018,"14,341.40","14,200.70","14,341.40","14,200.70",7960000
10/17/2018,"14,429.40","14,499.80","14,517.40","14,376.60",14030000
10/18/2018,"14,429.40","14,429.40","14,482.20","14,323.80",11180000
10/19/2018,"14,341.40","14,323.80","14,447.00","14,218.30",13670000
10/22/2018,"14,112.70","14,359.00","14,411.80","14,112.70",7020000
10/23/2018,"13,901.50","14,059.90","14,059.90","13,690.40",27410000
10/24/2018,"13,795.90","13,795.90","14,042.30","13,795.90",14270000
10/25/2018,"13,725.60","13,373.60","13,778.30","13,320.80",19830000
10/26/2018,"13,690.40","13,831.10","13,936.70","13,690.40",14090000
10/29/2018,"13,672.80","13,602.40","13,690.40","13,584.80",12210000
10/30/2018,"13,620.00","13,584.80","13,848.70","13,584.80",7350000
10/31/2018,"14,165.50","13,760.70","14,165.50","13,743.20",11610000
11/01/2018,"13,936.70","14,042.30","14,059.90","13,866.30",6140000
11/02/2018,"14,077.50","14,077.50","14,130.30","14,007.10",9840000
11/05/2018,"14,077.50","13,936.70","14,077.50","13,901.50",6120000
11/06/2018,"13,936.70","14,112.70","14,130.30","13,936.70",4650000
11/07/2018,"13,778.30","13,936.70","14,007.10","13,778.30",7700000
11/08/2018,"13,690.40","14,024.70","14,024.70","13,690.40",7670000
11/09/2018,"13,232.80","13,584.80","13,672.80","13,232.80",15630000
11/12/2018,"13,215.20","13,232.80","13,285.60","13,074.50",7680000
11/13/2018,"12,986.50","13,021.70","13,127.30","12,951.30",14790000
11/14/2018,"12,599.40","12,968.90","12,968.90","12,405.80",22650000
11/15/2018,"12,317.80","12,493.80","12,652.10","12,229.80",18700000
11/16/2018,"12,388.20","12,493.80","12,564.20","12,335.40",6360000
11/19/2018,"12,476.20","12,493.80","12,599.40","12,370.60",4560000
11/20/2018,"12,845.70","12,529.00","12,898.50","12,458.60",15630000
11/21/2018,"12,845.70","12,687.30","12,951.30","12,669.70",10420000
11/22/2018,"12,599.40","12,880.90","12,933.70","12,599.40",7510000
11/23/2018,"12,511.40","12,599.40","12,669.70","12,493.80",5630000
11/26/2018,"12,529.00","12,529.00","12,740.10","12,511.40",6780000
11/27/2018,"12,529.00","12,599.40","12,740.10","12,529.00",5190000
11/28/2018,"12,388.20","12,564.20","12,617.00","12,300.20",11200000
11/29/2018,"12,036.30","12,458.60","12,546.60","12,036.30",11110000
11/30/2018,"11,684.30","11,965.90","11,965.90","11,684.30",20450000
12/03/2018,"12,247.40","11,965.90","12,317.80","11,965.90",10320000
12/04/2018,"12,177.00","12,317.80","12,388.20","12,053.90",11800000
12/05/2018,"12,423.40","12,089.00","12,493.80","12,053.90",22150000
12/06/2018,"12,177.00","12,353.00","12,458.60","12,141.80",12680000
12/07/2018,"12,194.60","12,282.60","12,317.80","12,159.40",9210000
12/10/2018,"11,877.90","12,141.80","12,177.00","11,842.70",14780000
12/11/2018,"11,772.30","11,825.10","11,948.30","11,543.50",19110000
12/12/2018,"11,825.10","11,789.90","11,877.90","11,613.90",9810000
12/13/2018,"11,965.90","11,913.10","12,001.10","11,860.30",15000000
12/14/2018,"11,789.90","11,948.30","11,948.30","11,754.70",10580000
12/17/2018,"11,402.80","11,789.90","11,789.90","11,402.80",12270000
12/18/2018,"10,945.30","11,156.40","11,279.60","10,786.90",22340000
12/19/2018,"10,452.50","10,945.30","11,050.80","10,206.20",30030000
12/20/2018,"10,540.50","10,417.30","10,610.90","10,311.80",16700000
12/21/2018,"10,540.50","10,311.80","10,558.10","10,311.80",12210000
12/24/2018,"10,734.10","10,540.50","10,734.10","10,540.50",8930000
12/25/2018,"10,698.90","10,434.90","10,698.90","10,188.60",13140000
12/26/2018,"10,663.70","10,698.90","10,698.90","10,470.10",10480000
12/27/2018,"10,892.50","10,857.30","10,945.30","10,663.70",13340000
12/28/2018,"10,892.50","10,839.70","10,892.50","10,734.10",20460000
01/02/2019,"10,839.70","10,874.90","11,068.40","10,839.70",11490000
01/03/2019,"10,382.20","10,822.10","10,874.90","10,382.20",18830000
01/04/2019,"10,452.50","10,347.00","10,558.10","10,100.60",15990000
01/07/2019,"10,329.40","10,663.70","10,681.30","10,259.00",6810000
01/08/2019,"10,153.40","10,347.00","10,382.20","10,100.60",8630000
01/09/2019,"10,382.20","10,206.20","10,487.70","10,206.20",5140000
01/10/2019,"10,487.70","10,417.30","10,593.30","10,382.20",4880000
01/11/2019,"10,329.40","10,487.70","10,522.90","10,329.40",7280000
01/14/2019,"10,311.80","10,347.00","10,364.60","10,153.40",8830000
01/15/2019,"10,311.80","10,311.80","10,417.30","10,259.00",7230000
01/16/2019,"10,364.60","10,347.00","10,434.90","10,259.00",8160000
01/17/2019,"10,171.00","10,364.60","10,364.60","10,171.00",5360000
01/18/2019,"10,276.60","10,311.80","10,364.60","10,259.00",5810000
01/21/2019,"10,399.70","10,311.80","10,470.10","10,276.60",5250000
01/22/2019,"10,382.20","10,452.50","10,505.30","10,364.60",4560000
01/23/2019,"10,575.70","10,347.00","10,698.90","10,329.40",10370000
01/24/2019,"10,505.30","10,593.30","10,698.90","10,505.30",6540000
01/25/2019,"10,452.50","10,558.10","10,593.30","10,399.70",4410000
01/28/2019,"10,470.10","10,487.70","10,487.70","10,417.30",4690000
01/29/2019,"10,452.50","10,505.30","10,505.30","10,382.20",4970000
01/30/2019,"10,206.20","10,417.30","10,417.30","10,153.40",18520000
01/31/2019,"9,748.70","10,206.20","10,259.00","9,713.50",19630000
02/01/2019,"9,607.90","9,801.50","9,924.60","9,502.30",19440000
02/11/2019,"10,171.00","9,766.30","10,171.00","9,713.50",7770000
02/12/2019,"10,382.20","10,171.00","10,505.30","10,118.20",21770000
02/13/2019,"10,874.90","10,382.20","10,945.30","10,382.20",30330000
02/14/2019,"10,910.10","10,874.90","11,015.60","10,839.70",17670000
02/15/2019,"11,121.20","10,910.10","11,438.00","10,839.70",25530000
02/18/2019,"11,314.80","11,297.20","11,455.60","11,244.40",17450000
02/19/2019,"11,156.40","11,420.40","11,438.00","11,138.80",16170000
02/20/2019,"11,332.40","11,156.40","11,367.60","11,138.80",16090000
02/21/2019,"11,508.40","11,367.60","11,508.40","11,226.80",16450000
02/22/2019,"11,930.70","11,490.80","11,948.30","11,455.60",22640000
02/25/2019,"12,247.40","12,124.20","12,511.40","12,036.30",32260000
02/26/2019,"12,141.80","12,247.40","12,458.60","12,053.90",20210000
02/27/2019,"12,106.60","12,300.20","12,300.20","12,018.70",13690000
02/28/2019,"11,825.10","12,159.40","12,177.00","11,825.10",19040000
03/01/2019,"12,053.90","11,825.10","12,053.90","11,825.10",12620000
03/04/2019,"12,441.00","12,229.80","12,441.00","12,212.20",13740000
03/05/2019,"12,335.40","12,353.00","12,529.00","12,300.20",15620000
03/06/2019,"12,317.80","12,317.80","12,388.20","12,106.60",9240000
03/07/2019,"12,001.10","12,317.80","12,335.40","12,001.10",12470000
03/08/2019,"11,948.30","11,789.90","12,071.50","11,754.70",12740000
03/11/2019,"11,895.50","12,036.30","12,036.30","11,825.10",13300000
03/12/2019,"11,913.10","12,001.10","12,018.70","11,860.30",14410000
03/13/2019,"12,089.00","11,965.90","12,089.00","11,930.70",8760000
03/14/2019,"12,036.30","12,089.00","12,194.60","11,930.70",12270000
03/15/2019,"11,226.80","11,613.90","11,649.10","11,209.20",46620000
03/18/2019,"11,209.20","11,086.00","11,402.80","10,751.70",28960000
03/19/2019,"11,226.80","11,191.60","11,244.40","10,945.30",20220000
03/20/2019,"11,367.60","11,086.00","11,473.20","11,086.00",15400000
03/21/2019,"11,262.00","11,367.60","11,420.40","11,244.40",7500000
03/22/2019,"11,244.40","11,297.20","11,332.40","11,209.20",11480000
03/25/2019,"11,050.80","10,945.30","11,138.80","10,945.30",10230000
03/26/2019,"11,121.20","11,121.20","11,174.00","11,015.60",9630000
03/27/2019,"11,385.20","11,226.80","11,385.20","11,138.80",6950000
03/28/2019,"11,420.40","11,314.80","11,420.40","11,297.20",6880000
03/29/2019,"11,332.40","11,455.60","11,508.40","11,226.80",17890000
04/01/2019,"11,244.40","11,279.60","11,332.40","11,226.80",10050000
04/02/2019,"11,297.20","11,332.40","11,350.00","11,244.40",4920000
04/03/2019,"11,297.20","11,262.00","11,314.80","11,226.80",10340000
04/04/2019,"11,402.80","11,314.80","11,402.80","11,262.00",7570000
04/05/2019,"11,438.00","11,402.80","11,490.80","11,350.00",5030000
04/08/2019,"11,402.80","11,438.00","11,490.80","11,367.60",3780000
04/09/2019,"11,297.20","11,420.40","11,438.00","11,262.00",7900000
04/10/2019,"11,244.40","11,262.00","11,279.60","11,138.80",6040000
04/11/2019,"11,244.40","11,262.00","11,279.60","11,209.20",4150000
04/12/2019,"11,279.60","11,244.40","11,279.60","11,209.20",4320000
04/16/2019,"11,174.00","11,226.80","11,262.00","11,103.60",4230000
04/17/2019,"11,121.20","11,174.00","11,209.20","11,086.00",5090000
04/18/2019,"11,015.60","11,050.80","11,103.60","11,015.60",6540000
04/19/2019,"11,121.20","11,033.20","11,156.40","11,033.20",3320000
04/22/2019,"11,209.20","11,033.20","11,297.20","11,033.20",4990000
04/23/2019,"11,226.80","11,262.00","11,262.00","11,209.20",4620000
04/24/2019,"11,737.10","11,262.00","11,737.10","11,226.80",15880000
04/25/2019,"11,649.10","11,789.90","11,842.70","11,613.90",11210000
04/26/2019,"11,825.10","11,684.30","11,895.50","11,649.10",7720000
05/02/2019,"11,965.90","11,860.30","11,965.90","11,719.50",10420000
05/03/2019,"12,018.70","11,965.90","12,106.60","11,860.30",9570000
05/06/2019,"11,772.30","11,754.70","11,895.50","11,684.30",12320000
05/07/2019,"11,789.90","11,895.50","11,895.50","11,754.70",7720000
05/08/2019,"11,666.70","11,701.90","11,719.50","11,613.90",7700000
05/09/2019,"11,578.70","11,631.50","11,701.90","11,473.20",5780000
05/10/2019,"11,561.10","11,649.10","11,684.30","11,473.20",5230000
05/13/2019,"11,279.60","11,596.30","11,596.30","11,262.00",10430000
05/14/2019,"11,402.80","11,156.40","11,402.80","11,156.40",4980000
05/15/2019,"11,402.80","11,402.80","11,508.40","11,367.60",6950000
05/16/2019,"11,367.60","11,420.40","11,508.40","11,367.60",3770000
05/17/2019,"11,350.00","11,367.60","11,402.80","11,332.40",4080000
05/20/2019,"11,543.50","11,350.00","11,631.50","11,350.00",6070000
05/21/2019,"11,578.70","11,596.30","11,684.30","11,543.50",5880000
05/22/2019,"11,613.90","11,613.90","11,754.70","11,578.70",6880000
05/23/2019,"11,525.90","11,613.90","11,631.50","11,490.80",6940000
05/24/2019,"11,314.80","11,438.00","11,490.80","11,314.80",10040000
05/27/2019,"11,332.40","11,297.20","11,385.20","11,297.20",4650000
05/28/2019,"11,279.60","11,438.00","11,438.00","11,279.60",7770000
05/29/2019,"11,438.00","11,367.60","11,438.00","11,279.60",4550000
05/30/2019,"11,262.00","11,438.00","11,438.00","11,244.40",11480000
05/31/2019,"11,297.20","11,262.00","11,332.40","11,262.00",9290000
06/03/2019,"11,086.00","11,279.60","11,297.20","11,050.80",33610000
06/04/2019,"11,117.70","11,255.00","11,346.50","11,003.30",7030000
06/05/2019,"10,888.90","11,163.40","11,300.70","10,843.20",6290000
06/06/2019,"10,385.70","10,934.70","10,934.70","10,225.50",14920000
06/07/2019,"10,500.00","10,522.90","10,660.20","10,454.30",10740000
06/10/2019,"10,477.20","10,637.30","10,705.90","10,454.30",13830000
06/11/2019,"10,522.90","10,522.90","10,614.40","10,385.70",9290000
06/12/2019,"10,568.70","10,477.20","10,637.30","10,454.30",6600000
06/13/2019,"10,522.90","10,705.90","10,705.90","10,477.20",5310000
06/14/2019,"10,500.00","10,522.90","10,545.80","10,500.00",4360000
06/17/2019,"10,271.30","10,500.00","10,522.90","10,271.30",7670000
06/18/2019,"10,545.80","10,271.30","10,568.70","10,271.30",10650000
06/19/2019,"10,911.80","10,728.80","10,911.80","10,660.20",17620000
06/20/2019,"10,797.40","11,026.20","11,026.20","10,797.40",9200000
06/21/2019,"10,843.20","10,934.70","10,934.70","10,797.40",9330000
06/24/2019,"10,683.10","10,888.90","11,003.30","10,660.20",6510000
06/25/2019,"10,568.70","10,614.40","10,705.90","10,522.90",6920000
06/26/2019,"10,477.20","10,545.80","10,637.30","10,477.20",4010000
06/27/2019,"10,317.00","10,477.20","10,500.00","10,317.00",7910000
06/28/2019,"10,751.70","10,317.00","10,751.70","10,271.30",8260000
07/01/2019,"10,522.90","10,614.40","10,660.20","10,431.40",8080000
07/02/2019,"10,339.90","10,522.90","10,522.90","10,317.00",10060000
07/03/2019,"10,134.00","10,339.90","10,362.80","10,111.20",13300000
07/04/2019,"10,202.70","10,065.40","10,294.20","10,065.40",10650000
07/05/2019,"10,202.70","10,202.70","10,271.30","10,134.00",6460000
07/08/2019,"9,951.00","10,156.90","10,202.70","9,928.10",15650000
07/09/2019,"9,768.00","9,973.90","10,042.50","9,768.00",13300000
07/10/2019,"9,768.00","9,790.90","9,951.00","9,745.10",7890000
07/11/2019,"9,859.50","9,790.90","9,905.30","9,790.90",6540000
07/12/2019,"10,019.70","9,928.10","10,065.40","9,905.30",7090000
07/15/2019,"9,813.80","10,065.40","10,065.40","9,813.80",8220000
07/16/2019,"9,882.40","9,882.40","9,905.30","9,813.80",7320000
07/17/2019,"9,768.00","9,905.30","9,905.30","9,745.10",11500000
07/18/2019,"9,585.00","9,768.00","9,790.90","9,539.30",17860000
07/19/2019,"9,424.90","9,607.90","9,699.40","9,333.40",23550000
07/22/2019,"9,493.50","9,424.90","9,699.40","9,287.60",14500000
07/23/2019,"9,928.10","9,516.40","9,951.00","9,516.40",18980000
07/24/2019,"9,859.50","9,928.10","9,973.90","9,790.90",7790000
07/25/2019,"10,248.40","9,836.60","10,248.40","9,836.60",19950000
07/26/2019,"10,317.00","10,339.90","10,545.80","10,271.30",20620000
07/29/2019,"10,111.20","10,317.00","10,317.00","9,951.00",14650000
07/30/2019,"9,836.60","10,111.20","10,156.90","9,836.60",12870000
07/31/2019,"10,317.00","9,790.90","10,317.00","9,745.10",13770000
08/01/2019,"10,339.90","10,294.20","10,408.50","10,179.80",12530000
08/02/2019,"10,271.30","10,156.90","10,317.00","10,111.20",15040000
08/05/2019,"10,134.00","10,225.50","10,294.20","10,065.40",12980000
08/06/2019,"9,951.00","9,859.50","10,065.40","9,859.50",11900000
08/07/2019,"10,111.20","10,019.70","10,134.00","9,973.90",7340000
08/08/2019,"10,660.20","10,134.00","10,660.20","10,134.00",23430000
08/09/2019,"10,568.70","10,705.90","10,751.70","10,522.90",7760000
08/12/2019,"10,797.40","10,568.70","10,911.80","10,568.70",17120000
08/13/2019,"10,728.80","10,660.20","10,934.70","10,660.20",13520000
08/14/2019,"10,728.80","10,888.90","10,888.90","10,705.90",8150000
08/15/2019,"10,637.30","10,522.90","10,637.30","10,431.40",14490000
08/16/2019,"10,545.80","10,637.30","10,683.10","10,477.20",18650000
08/19/2019,"10,545.80","10,522.90","10,660.20","10,500.00",5350000
08/20/2019,"10,477.20","10,545.80","10,660.20","10,408.50",10090000
08/21/2019,"10,614.40","10,477.20","10,637.30","10,431.40",10150000
08/22/2019,"10,545.80","10,660.20","10,683.10","10,522.90",6980000
08/23/2019,"10,705.90","10,637.30","10,728.80","10,568.70",11340000
08/26/2019,"10,431.40","10,568.70","10,591.60","10,385.70",11960000
08/27/2019,"10,248.40","10,522.90","10,545.80","10,248.40",18940000
08/28/2019,"10,179.80","10,248.40","10,294.20","10,111.20",9130000
08/29/2019,"10,134.00","10,179.80","10,179.80","10,065.40",10410000
08/30/2019,"10,156.90","10,134.00","10,271.30","10,088.30",7010000
09/03/2019,"9,905.30","10,156.90","10,202.70","9,905.30",11320000
09/04/2019,"9,882.40","9,836.60","9,973.90","9,836.60",12320000
09/05/2019,"9,928.10","9,905.30","10,042.50","9,882.40",5220000
09/06/2019,"9,790.90","9,973.90","10,019.70","9,790.90",8860000
09/09/2019,"9,699.40","9,836.60","9,859.50","9,699.40",7480000
09/10/2019,"9,745.10","9,699.40","9,768.00","9,653.60",7270000
09/11/2019,"10,088.30","9,745.10","10,088.30","9,722.30",9900000
09/12/2019,"10,317.00","10,134.00","10,339.90","10,134.00",11720000
09/13/2019,"10,339.90","10,294.20","10,362.80","10,248.40",9820000
09/16/2019,"10,362.80","10,271.30","10,362.80","10,179.80",11370000
09/17/2019,"10,385.70","10,362.80","10,385.70","10,248.40",7580000
09/18/2019,"10,522.90","10,385.70","10,545.80","10,339.90",12950000
09/19/2019,"10,500.00","10,522.90","10,545.80","10,385.70",7180000
09/20/2019,"10,362.80","10,500.00","10,500.00","10,317.00",10740000
09/23/2019,"10,065.40","10,339.90","10,339.90","10,065.40",11280000
09/24/2019,"10,134.00","10,042.50","10,134.00","9,996.80",4180000
09/25/2019,"10,019.70","10,111.20","10,111.20","9,951.00",8340000
09/26/2019,"10,179.80","10,065.40","10,179.80","9,928.10",7020000
09/27/2019,"10,134.00","10,179.80","10,271.30","10,134.00",6720000
09/30/2019,"10,042.50","10,156.90","10,179.80","10,042.50",7210000
10/01/2019,"10,019.70","10,042.50","10,156.90","9,996.80",8560000
10/02/2019,"9,951.00","10,065.40","10,088.30","9,928.10",9190000
10/03/2019,"9,859.50","9,928.10","9,928.10","9,813.80",9600000
10/04/2019,"9,768.00","9,882.40","9,928.10","9,745.10",10060000
10/07/2019,"9,745.10","9,768.00","9,836.60","9,699.40",6990000
10/08/2019,"10,019.70","9,790.90","10,019.70","9,722.30",8380000
10/09/2019,"10,019.70","10,019.70","10,019.70","9,928.10",6490000
10/10/2019,"9,836.60","10,019.70","10,111.20","9,836.60",8290000
10/11/2019,"9,836.60","9,882.40","9,928.10","9,790.90",8740000
10/14/2019,"9,813.80","9,928.10","9,928.10","9,813.80",6230000
10/15/2019,"9,768.00","9,836.60","9,928.10","9,768.00",7610000
10/16/2019,"9,745.10","9,790.90","9,836.60","9,745.10",5520000
10/17/2019,"9,790.90","9,745.10","9,905.30","9,745.10",10170000
10/18/2019,"9,790.90","9,859.50","9,859.50","9,745.10",4820000
10/21/2019,"9,699.40","9,790.90","9,813.80","9,699.40",6680000
10/22/2019,"9,882.40","9,699.40","9,905.30","9,699.40",8630000
10/23/2019,"9,996.80","9,882.40","10,111.20","9,882.40",14520000
10/24/2019,"10,065.40","10,019.70","10,111.20","9,996.80",10830000
10/25/2019,"9,973.90","10,065.40","10,065.40","9,951.00",5010000
10/28/2019,"10,156.90","9,973.90","10,202.70","9,905.30",15330000
10/29/2019,"10,156.90","10,156.90","10,271.30","10,111.20",11250000
10/30/2019,"10,065.40","10,179.80","10,179.80","10,065.40",6460000
10/31/2019,"9,973.90","10,065.40","10,088.30","9,928.10",12150000
11/01/2019,"10,019.70","10,019.70","10,111.20","9,973.90",8550000
11/04/2019,"9,951.00","10,111.20","10,156.90","9,928.10",12720000
11/05/2019,"10,019.70","9,973.90","10,134.00","9,951.00",11620000
11/06/2019,"10,065.40","10,065.40","10,134.00","10,042.50",9530000
11/07/2019,"10,385.70","10,134.00","10,408.50","10,111.20",27890000
11/08/2019,"10,385.70","10,385.70","10,431.40","10,294.20",11120000
11/11/2019,"10,431.40","10,339.90","10,568.70","10,339.90",16850000
11/12/2019,"10,522.90","10,408.50","10,568.70","10,317.00",13800000
11/13/2019,"10,362.80","10,568.70","10,591.60","10,362.80",13720000
11/14/2019,"10,362.80","10,362.80","10,454.30","10,294.20",11640000
11/15/2019,"10,362.80","10,362.80","10,431.40","10,317.00",7230000
11/18/2019,"10,477.20","10,385.70","10,522.90","10,385.70",8080000
11/19/2019,"10,431.40","10,500.00","10,500.00","10,385.70",8780000
11/20/2019,"10,248.40","10,431.40","10,431.40","10,179.80",14660000
11/21/2019,"10,065.40","10,202.70","10,225.50","10,065.40",15800000
11/22/2019,"10,111.20","10,156.90","10,225.50","10,065.40",12140000
11/25/2019,"10,179.80","10,134.00","10,225.50","10,065.40",8920000
11/26/2019,"10,362.80","10,225.50","10,431.40","10,225.50",11560000
11/27/2019,"10,339.90","10,408.50","10,431.40","10,317.00",7420000
11/28/2019,"10,339.90","10,339.90","10,385.70","10,271.30",7910000
11/29/2019,"10,454.30","10,339.90","10,500.00","10,271.30",13350000
12/02/2019,"10,500.00","10,454.30","10,614.40","10,454.30",19160000
12/03/2019,"10,728.80","10,500.00","10,843.20","10,385.70",19650000
12/04/2019,"10,728.80","10,705.90","10,797.40","10,683.10",10350000
12/05/2019,"10,568.70","10,683.10","10,728.80","10,545.80",10910000
12/06/2019,"10,911.80","10,568.70","10,934.70","10,568.70",15010000
12/09/2019,"11,071.90","10,911.80","11,186.30","10,911.80",16640000
12/10/2019,"11,163.40","11,071.90","11,232.10","11,026.20",21400000
12/11/2019,"11,163.40","11,117.70","11,163.40","10,934.70",11380000
12/12/2019,"11,071.90","11,117.70","11,163.40","11,026.20",8740000
12/13/2019,"10,888.90","11,071.90","11,209.20","10,888.90",19960000
12/16/2019,"10,866.10","10,888.90","10,934.70","10,774.60",10780000
12/17/2019,"10,591.60","10,866.10","10,911.80","10,477.20",20780000
12/18/2019,"10,317.00","10,591.60","10,591.60","10,294.20",15980000
12/19/2019,"10,431.40","10,317.00","10,568.70","10,317.00",12120000
12/20/2019,"10,522.90","10,500.00","10,637.30","10,431.40",11400000
12/23/2019,"10,545.80","10,591.60","10,751.70","10,500.00",8440000
12/24/2019,"10,614.40","10,545.80","10,660.20","10,500.00",6780000
12/25/2019,"10,591.60","10,614.40","10,705.90","10,591.60",5010000
12/26/2019,"10,522.90","10,660.20","10,660.20","10,522.90",6330000
12/27/2019,"10,774.60","10,522.90","10,774.60","10,454.30",8810000
12/30/2019,"10,820.30","10,820.30","10,911.80","10,751.70",6190000
12/31/2019,"10,751.70","10,820.30","10,843.20","10,683.10",6060000
01/02/2020,"10,980.40","10,751.70","10,980.40","10,683.10",8910000
01/03/2020,"11,049.10","11,071.90","11,140.60","11,003.30",16490000
01/06/2020,"10,980.40","10,980.40","11,094.80","10,911.80",11310000
01/07/2020,"10,843.20","11,026.20","11,071.90","10,797.40",10260000
01/08/2020,"10,728.80","10,751.70","10,820.30","10,591.60",13520000
01/09/2020,"10,980.40","10,797.40","11,049.10","10,797.40",9720000
01/10/2020,"11,071.90","11,026.20","11,232.10","11,003.30",21070000
01/13/2020,"11,094.80","11,071.90","11,163.40","11,026.20",9390000
01/14/2020,"11,438.00","11,094.80","11,460.80","11,071.90",20140000
01/15/2020,"11,506.60","11,460.80","11,598.10","11,392.20",12390000
01/16/2020,"11,575.20","11,438.00","11,598.10","11,415.10",14440000
01/17/2020,"11,438.00","11,575.20","11,735.30","11,392.20",13330000
01/20/2020,"11,666.70","11,438.00","11,666.70","11,300.70",12030000
01/21/2020,"11,826.90","11,781.10","11,895.50","11,689.60",12450000
01/22/2020,"12,032.70","11,826.90","12,078.50","11,826.90",18790000
01/30/2020,"11,575.20","11,689.60","11,849.70","11,415.10",27440000
01/31/2020,"11,026.20","11,438.00","11,575.20","11,026.20",23160000
02/03/2020,"11,232.10","10,660.20","11,346.50","10,385.70",25440000
02/04/2020,"11,255.00","11,277.80","11,346.50","11,026.20",17030000
02/05/2020,"11,186.30","11,369.30","11,438.00","11,071.90",14610000
02/06/2020,"11,529.50","11,140.60","11,529.50","11,117.70",19400000
02/07/2020,"11,140.60","11,529.50","11,575.20","11,071.90",17100000
02/10/2020,"11,140.60","10,980.40","11,277.80","10,957.60",10100000
02/11/2020,"10,797.40","11,186.30","11,255.00","10,728.80",26430000
02/12/2020,"10,888.90","10,751.70","11,049.10","10,728.80",20180000
02/13/2020,"10,843.20","10,866.10","10,934.70","10,797.40",11080000
02/14/2020,"10,843.20","10,797.40","10,866.10","10,683.10",10640000
02/17/2020,"10,866.10","10,843.20","10,911.80","10,797.40",5720000
02/18/2020,"10,660.20","10,911.80","10,911.80","10,660.20",15700000
02/19/2020,"10,637.30","10,660.20","10,728.80","10,568.70",11540000
02/20/2020,"10,866.10","10,728.80","10,866.10","10,637.30",11000000
02/21/2020,"10,774.60","10,866.10","10,888.90","10,751.70",9510000
02/24/2020,"10,385.70","10,408.50","10,591.60","10,385.70",27250000
02/25/2020,"10,568.70","10,339.90","10,568.70","10,339.90",11170000
02/26/2020,"10,408.50","10,408.50","10,522.90","10,385.70",9480000
02/27/2020,"10,500.00","10,385.70","10,545.80","10,385.70",6990000
02/28/2020,"10,225.50","10,317.00","10,431.40","10,179.80",13870000
03/02/2020,"10,202.70","10,156.90","10,294.20","10,156.90",8330000
03/03/2020,"10,202.70","10,431.40","10,431.40","10,202.70",9290000
03/04/2020,"10,225.50","10,248.40","10,339.90","10,225.50",6200000
03/05/2020,"10,225.50","10,339.90","10,362.80","10,225.50",5460000
03/06/2020,"10,248.40","10,225.50","10,271.30","10,179.80",6390000
03/09/2020,"9,539.30","9,539.30","9,859.50","9,539.30",34890000
03/10/2020,"9,905.30","9,379.10","9,951.00","9,379.10",17140000
03/11/2020,"9,402.00","9,928.10","9,973.90","9,219.00",17960000
03/12/2020,"8,807.20","8,944.50","9,058.90","8,761.50",27460000
03/13/2020,"8,715.70","8,258.20","9,013.10","8,212.50",27030000
03/16/2020,"8,738.60","8,784.40","9,081.70","8,670.00",19550000
03/17/2020,"8,784.40","8,509.80","8,830.10","8,509.80",12750000
03/18/2020,"9,013.10","8,875.90","9,196.10","8,853.00",21900000
03/19/2020,"8,761.50","8,875.90","8,921.60","8,647.10",16370000
03/20/2020,"8,509.80","8,807.20","8,830.10","8,509.80",28220000
03/23/2020,"7,915.10","7,960.80","8,235.30","7,915.10",27270000
03/24/2020,"7,823.60","7,777.80","7,937.90","7,617.70",29130000
03/25/2020,"8,143.80","8,166.70","8,166.70","7,960.80",16340000
03/26/2020,"7,754.90","8,029.40","8,052.30","7,732.10",17930000
03/27/2020,"7,411.80","7,732.10","7,777.80","7,228.80",28310000
03/30/2020,"7,480.40","7,000.00","7,640.60","6,977.20",22890000
03/31/2020,"7,709.20","7,480.40","7,937.90","6,977.20",23510000
04/01/2020,"7,892.20","7,640.60","8,006.60","7,617.70",10230000
04/03/2020,"8,075.20","7,892.20","8,098.10","7,869.30",13700000
04/06/2020,"8,624.20","8,304.00","8,624.20","8,189.60",21500000
04/07/2020,"8,692.80","8,715.70","8,738.60","8,349.70",16120000
04/08/2020,"8,555.60","8,418.30","8,601.30","8,372.60",10750000
04/09/2020,"8,487.00","8,601.30","8,692.80","8,487.00",15030000
04/10/2020,"8,601.30","8,464.10","8,692.80","8,372.60",11710000
04/13/2020,"8,853.00","8,601.30","8,921.60","8,555.60",19040000
04/14/2020,"9,127.50","8,830.10","9,127.50","8,784.40",18420000
04/15/2020,"9,196.10","9,150.40","9,287.60","9,127.50",12550000
04/16/2020,"9,264.70","9,127.50","9,333.40","9,036.00",14040000
04/17/2020,"9,470.60","9,264.70","9,516.40","9,241.90",18570000
04/20/2020,"9,699.40","9,607.90","9,836.60","9,402.00",19840000
04/21/2020,"9,241.90","9,493.50","9,722.30","9,219.00",25130000
04/22/2020,"9,516.40","9,379.10","9,745.10","9,287.60",23250000
04/23/2020,"9,882.40","9,745.10","10,042.50","9,745.10",17580000
04/24/2020,"10,111.20","9,928.10","10,156.90","9,745.10",17480000
04/27/2020,"10,042.50","10,179.80","10,339.90","9,996.80",13980000
04/28/2020,"9,790.90","10,065.40","10,111.20","9,722.30",16190000
04/29/2020,"9,836.60","9,790.90","9,928.10","9,607.90",15680000
05/04/2020,"9,607.90","9,836.60","9,859.50","9,607.90",10180000
05/05/2020,"9,790.90","9,790.90","9,905.30","9,745.10",12410000
05/06/2020,"10,156.90","9,859.50","10,156.90","9,836.60",16050000
05/07/2020,"10,797.40","10,202.70","10,797.40","10,202.70",31030000
05/08/2020,"10,705.90","10,888.90","11,049.10","10,705.90",26290000
05/11/2020,"10,957.60","10,843.20","11,026.20","10,660.20",15210000
05/12/2020,"10,820.30","10,820.30","10,934.70","10,705.90",22170000
05/13/2020,"11,026.20","10,728.80","11,071.90","10,660.20",20230000
05/14/2020,"10,957.60","10,888.90","11,026.20","10,843.20",13730000
05/15/2020,"10,751.70","10,957.60","11,003.30","10,705.90",16700000
05/18/2020,"11,483.70","11,186.30","11,483.70","10,980.40",28410000
05/19/2020,"11,964.10","12,078.50","12,284.40","11,918.40",39680000
05/20/2020,"12,101.40","11,895.50","12,170.00","11,735.30",24400000
05/21/2020,"12,124.20","12,055.60","12,147.10","11,941.20",23620000
05/22/2020,"12,467.40","12,055.60","12,558.90","12,009.90",34230000
05/25/2020,"12,490.30","12,581.80","12,719.00","12,421.60",23520000
05/26/2020,"12,993.50","12,513.10","12,993.50","12,490.30",24230000
05/27/2020,"12,444.50","13,085.00","13,085.00","12,444.50",41650000
05/28/2020,"12,444.50","12,581.80","12,627.50","12,307.20",30510000
05/29/2020,"12,536.00","12,490.30","12,673.30","12,353.00",26490000
06/01/2020,"12,650.40","12,719.00","12,719.00","12,558.90",16900000
06/02/2020,"12,375.90","12,719.00","12,719.00","12,330.10",24200000
06/03/2020,"12,330.10","12,375.90","12,444.50","12,170.00",25310000
06/04/2020,"12,170.00","12,353.00","12,536.00","12,170.00",28410000
06/05/2020,"12,375.90","12,124.20","12,490.30","11,987.00",28500000
06/08/2020,"12,673.30","12,581.80","12,856.30","12,490.30",36110000
06/09/2020,"12,398.70","12,787.60","12,810.50","12,330.10",39370000
06/10/2020,"12,353.00","12,353.00","12,536.00","12,192.90",20790000
06/11/2020,"11,666.70","12,284.40","12,421.60","11,666.70",48170000
06/12/2020,"12,124.20","11,209.20","12,124.20","11,209.20",39760000
06/15/2020,"11,621.00","12,032.70","12,124.20","11,598.10",23870000
06/16/2020,"11,987.00","11,895.50","12,078.50","11,735.30",19010000
06/17/2020,"12,009.90","11,987.00","12,101.40","11,849.70",14880000
06/18/2020,"12,261.50","11,872.60","12,284.40","11,826.90",19070000
06/19/2020,"12,513.10","12,353.00","12,513.10","12,353.00",22180000
06/22/2020,"12,490.30","12,536.00","12,719.00","12,330.10",20490000
06/23/2020,"12,353.00","12,490.30","12,673.30","12,238.60",23970000
06/24/2020,"12,353.00","12,353.00","12,513.10","12,261.50",13720000
06/25/2020,"12,490.30","12,215.70","12,719.00","12,147.10",51410000
06/26/2020,"12,444.50","12,536.00","12,627.50","12,353.00",19720000
06/29/2020,"12,192.90","12,307.20","12,353.00","12,009.90",26070000
06/30/2020,"12,261.50","12,261.50","12,536.00","12,147.10",31220000
07/01/2020,"12,536.00","12,353.00","12,581.80","12,307.20",22840000
07/02/2020,"12,627.50","12,581.80","12,696.10","12,536.00",27380000
07/03/2020,"12,581.80","12,673.30","12,696.10","12,536.00",17080000
07/06/2020,"12,627.50","12,673.30","12,696.10","12,558.90",20560000
07/07/2020,"12,970.60","12,696.10","13,222.30","12,673.30",59070000
07/08/2020,"12,833.40","12,879.10","13,016.40","12,764.80",19280000
07/09/2020,"12,879.10","12,856.30","12,947.80","12,787.60",15980000
07/10/2020,"12,696.10","12,810.50","12,924.90","12,627.50",30450000
07/13/2020,"12,650.40","12,604.60","12,741.90","12,467.40",30960000
07/14/2020,"12,764.80","12,558.90","12,787.60","12,536.00",12120000
07/15/2020,"12,833.40","12,902.00","12,993.50","12,833.40",13820000
07/16/2020,"13,085.00","12,902.00","13,222.30","12,787.60",37730000
07/17/2020,"13,062.20","13,130.80","13,153.70","13,062.20",14240000
07/20/2020,"12,810.50","13,039.30","13,130.80","12,810.50",24440000
07/21/2020,"12,856.30","12,856.30","12,924.90","12,719.00",24690000
07/22/2020,"12,856.30","12,947.80","12,993.50","12,787.60",15710000
07/23/2020,"12,902.00","12,856.30","12,902.00","12,673.30",21430000
07/24/2020,"12,284.40","12,810.50","12,833.40","12,032.70",44830000
07/27/2020,"11,872.60","11,918.40","12,421.60","11,804.00",38730000
07/28/2020,"12,513.10","12,124.20","12,581.80","11,987.00",29740000
07/29/2020,"12,126.00","12,432.60","12,711.40","11,791.50",32550000
07/30/2020,"12,321.10","12,209.60","12,432.60","12,181.70",19930000
07/31/2020,"12,098.10","11,958.70","12,293.20","11,958.70",13440000
08/03/2020,"12,767.10","12,098.10","12,822.90","12,098.10",29650000
08/04/2020,"12,822.90","12,934.40","12,990.10","12,711.40",19460000
08/05/2020,"13,436.10","12,822.90","13,575.50","12,767.10",45480000
08/06/2020,"13,408.30","13,436.10","13,603.40","13,268.90",24120000
08/07/2020,"13,491.90","13,380.40","13,547.60","13,352.50",21350000
08/10/2020,"13,547.60","13,631.30","13,798.50","13,547.60",24820000
08/11/2020,"13,519.80","13,603.40","13,687.00","13,436.10",16980000
08/12/2020,"13,547.60","13,547.60","13,659.10","13,436.10",15490000
08/13/2020,"13,659.10","13,659.10","13,714.90","13,547.60",13270000
08/14/2020,"13,436.10","13,659.10","13,714.90","13,324.60",26950000
08/17/2020,"13,547.60","13,408.30","13,547.60","13,352.50",14790000
08/18/2020,"13,464.00","13,603.40","13,603.40","13,436.10",9000000
08/19/2020,"13,519.80","13,491.90","13,603.40","13,436.10",16260000
08/20/2020,"13,436.10","13,519.80","13,575.50","13,380.40",17000000
08/21/2020,"13,575.50","13,436.10","13,603.40","13,408.30",15670000
08/24/2020,"13,826.40","13,659.10","13,910.00","13,603.40",24450000
08/25/2020,"13,687.00","13,882.10","13,965.80","13,687.00",18820000
08/26/2020,"13,491.90","13,659.10","13,687.00","13,491.90",28650000
08/27/2020,"13,547.60","13,491.90","13,575.50","13,436.10",15450000
08/28/2020,"13,547.60","13,659.10","13,659.10","13,519.80",20360000
08/31/2020,"13,687.00","13,491.90","13,826.40","13,491.90",23400000
09/01/2020,"13,826.40","13,687.00","13,910.00","13,631.30",29400000
09/03/2020,"13,937.90","13,937.90","14,049.40","13,882.10",25540000
09/04/2020,"13,910.00","13,742.80","13,993.70","13,742.80",33030000
09/07/2020,"13,659.10","13,937.90","13,993.70","13,659.10",25160000
09/08/2020,"13,742.80","13,714.90","13,770.60","13,631.30",21520000
09/09/2020,"13,659.10","13,603.40","13,910.00","13,575.50",34450000
09/10/2020,"13,687.00","13,770.60","13,854.30","13,659.10",21250000
09/11/2020,"13,631.30","13,687.00","13,742.80","13,631.30",20490000
09/14/2020,"13,714.90","13,659.10","13,798.50","13,659.10",22330000
09/15/2020,"13,770.60","13,798.50","13,910.00","13,742.80",15550000
09/16/2020,"13,770.60","13,798.50","13,826.40","13,714.90",12090000
09/17/2020,"14,160.90","13,798.50","14,216.70","13,770.60",46960000
09/18/2020,"14,328.20","14,244.50","14,328.20","14,216.70",21890000
09/21/2020,"14,328.20","14,439.70","14,467.50","14,272.40",20410000
09/22/2020,"14,244.50","14,216.70","14,328.20","14,160.90",26830000
09/23/2020,"14,383.90","14,300.30","14,439.70","14,244.50",22090000
09/24/2020,"14,300.30","14,328.20","14,439.70","14,216.70",21820000
09/25/2020,"14,356.00","14,383.90","14,383.90","14,216.70",17720000
09/28/2020,"14,718.40","14,383.90","14,718.40","14,328.20",30840000
09/29/2020,"14,690.50","14,746.30","14,941.40","14,690.50",32390000
09/30/2020,"14,718.40","14,690.50","14,802.10","14,551.20",22790000
10/01/2020,"15,052.90","14,829.90","15,164.40","14,774.20",30120000
10/02/2020,"14,885.70","15,080.80","15,192.30","14,495.40",35470000
10/05/2020,"15,248.10","14,969.30","15,275.90","14,969.30",22450000
10/06/2020,"15,749.80","15,303.80","15,749.80","15,164.40",41440000
10/07/2020,"15,498.90","15,666.20","15,777.70","15,498.90",25890000
10/08/2020,"15,666.20","15,610.40","15,666.20","15,443.20",32010000
10/09/2020,"15,889.20","15,722.00","16,000.70","15,610.40",16610000
10/12/2020,"15,749.80","15,972.80","16,028.60","15,638.30",21510000
10/13/2020,"15,610.40","15,722.00","15,749.80","15,554.70",18720000
10/14/2020,"15,805.60","15,582.60","15,805.60","15,498.90",24990000
10/15/2020,"16,195.80","16,725.50","16,725.50","16,195.80",53570000
10/16/2020,"16,223.70","16,279.50","16,446.70","16,140.10",30390000
10/19/2020,"16,112.20","16,251.60","16,307.30","16,084.30",19200000
10/20/2020,"16,363.10","16,028.60","16,363.10","16,000.70",23380000
10/21/2020,"16,223.70","16,418.80","16,502.50","16,168.00",18730000
10/22/2020,"16,502.50","16,168.00","16,502.50","16,112.20",22940000
10/23/2020,"17,227.20","16,614.00","17,227.20","16,530.40",51830000
10/26/2020,"17,171.50","17,283.00","17,840.50","17,115.70",35730000
10/27/2020,"17,506.00","17,060.00","17,673.30","17,032.10",44370000
10/28/2020,"16,948.50","17,366.60","17,645.40","16,837.00",45040000
10/29/2020,"17,060.00","16,697.60","17,143.60","16,697.60",36470000
10/30/2020,"17,032.10","17,171.50","17,227.20","16,669.70",33410000
11/02/2020,"17,060.00","17,032.10","17,115.70","16,920.60",18230000
11/03/2020,"17,115.70","17,283.00","17,450.30","17,032.10",30750000
11/04/2020,"17,087.90","17,115.70","17,283.00","16,920.60",32100000
11/05/2020,"16,864.90","17,087.90","17,143.60","16,864.90",20360000
11/06/2020,"16,948.50","16,892.70","17,115.70","16,837.00",23540000
11/09/2020,"17,561.80","17,171.50","17,561.80","17,115.70",32140000
11/10/2020,"17,450.30","17,896.30","17,952.00","17,450.30",36230000
11/11/2020,"17,450.30","17,450.30","17,617.50","17,366.60",25560000
11/12/2020,"17,533.90","17,450.30","17,561.80","17,422.40",17210000
11/13/2020,"17,812.60","17,561.80","17,812.60","17,533.90",21340000
11/16/2020,"17,979.90","18,007.80","18,258.70","17,784.80",44820000
11/17/2020,"18,593.20","18,119.30","18,593.20","18,063.50",28480000
11/18/2020,"19,290.10","18,732.50","19,290.10","18,593.20",38810000
11/19/2020,"19,624.60","19,345.80","19,791.80","19,206.40",46570000
11/20/2020,"19,903.30","19,680.30","19,903.30","19,485.20",31840000
11/23/2020,"20,906.90","19,903.30","21,102.00","19,791.80",41560000
11/24/2020,"20,906.90","21,046.20","21,464.40","20,237.80",85880000
11/25/2020,"19,847.60","20,516.60","20,572.30","19,624.60",97750000
11/26/2020,"19,568.80","19,568.80","19,736.10","19,122.80",58200000
11/27/2020,"20,210.00","19,513.10","20,293.60","19,513.10",28130000
11/30/2020,"19,791.80","20,210.00","20,293.60","19,791.80",30640000
12/01/2020,"19,847.60","19,457.30","19,847.60","19,262.20",38260000
12/02/2020,"19,680.30","19,847.60","19,875.40","19,568.80",25700000
12/03/2020,"20,544.50","19,819.70","20,544.50","19,680.30",39510000
12/04/2020,"20,600.20","20,656.00","20,767.50","20,460.80",31180000
12/07/2020,"21,297.10","20,656.00","21,408.60","20,544.50",42820000
12/08/2020,"21,408.60","21,297.10","21,631.60","21,185.60",35690000
12/09/2020,"21,464.40","21,464.40","21,520.10","21,241.40",26790000
12/10/2020,"20,962.60","21,464.40","21,520.10","20,739.60",53360000
12/11/2020,"21,631.60","21,185.60","21,631.60","21,018.40",29210000
12/14/2020,"21,882.50","21,966.10","22,021.90","21,715.30",25420000
12/15/2020,"21,520.10","21,771.00","21,826.80","21,464.40",34370000
12/16/2020,"21,631.60","21,631.60","21,938.30","21,464.40",30400000
12/17/2020,"20,990.50","21,408.60","21,548.00","20,990.50",53780000
12/18/2020,"21,520.10","21,241.40","21,603.70","21,129.90",35020000
12/21/2020,"21,492.20","21,743.10","21,771.00","21,380.70",27710000
12/22/2020,"21,938.30","21,492.20","21,994.00","21,352.90",45720000
12/23/2020,"22,300.60","21,994.00","22,969.70","21,966.10",49310000
12/24/2020,"22,272.80","22,635.20","22,746.70","21,520.10",32480000
12/25/2020,"22,718.80","22,300.60","22,774.50","22,021.90",39780000
12/28/2020,"23,164.80","23,304.20","23,387.80","22,858.20",36900000
12/29/2020,"23,192.70","22,997.50","23,332.00","22,886.00",23590000
12/30/2020,"22,802.40","23,192.70","23,192.70","22,718.80",38450000
12/31/2020,"23,109.00","22,802.40","23,276.30","22,690.90",20830000
01/04/2021,"23,582.90","23,415.70","23,973.20","23,220.50",27790000
01/05/2021,"23,610.80","23,304.20","23,861.70","23,248.40",32700000
01/06/2021,"23,861.70","23,694.40","24,140.40","23,582.90",31500000
01/07/2021,"23,861.70","24,056.80","24,084.70","23,555.10",38230000
01/08/2021,"23,833.80","23,917.40","24,140.40","23,750.20",35060000
01/11/2021,"24,001.10","24,028.90","24,140.40","23,750.20",29210000
01/12/2021,"25,032.50","24,084.70","25,032.50","23,917.40",39910000
01/13/2021,"24,921.00","25,199.70","25,339.10","24,753.70",28310000
01/14/2021,"24,781.60","24,921.00","24,921.00","24,447.10",30760000
01/15/2021,"24,809.50","24,698.00","25,116.10","24,698.00",25950000
01/18/2021,"24,865.20","24,809.50","25,004.60","24,670.10",31790000
01/19/2021,"23,192.70","24,865.20","24,865.20","23,136.90",45240000
01/20/2021,"23,248.40","23,415.70","23,945.30","22,300.60",66540000
01/21/2021,"24,642.20","23,889.60","24,642.20","23,304.20",36560000
01/22/2021,"24,335.60","24,698.00","24,921.00","24,279.80",25970000
01/25/2021,"24,363.50","24,112.60","25,339.10","24,028.90",58080000
01/26/2021,"23,582.90","24,307.70","24,307.70","23,192.70",42290000
01/27/2021,"22,467.90","23,081.20","23,638.70","22,021.90",49240000
01/28/2021,"20,906.90","20,962.60","21,771.00","20,906.90",87640000
01/29/2021,"21,826.80","20,628.10","22,272.80","20,628.10",70640000
02/01/2021,"21,380.70","21,743.10","22,217.00","21,297.10",37420000
02/02/2021,"22,579.40","21,464.40","22,579.40","21,325.00",50090000
02/03/2021,"23,415.70","22,969.70","23,610.80","22,858.20",61140000
02/04/2021,"23,304.20","23,415.70","23,527.20","23,164.80",39050000
02/05/2021,"23,694.40","23,387.80","23,805.90","23,248.40",41020000
02/08/2021,"22,802.40","23,694.40","23,750.20","22,300.60",57770000
02/09/2021,"23,304.20","22,802.40","23,359.90","22,551.50",45920000
02/17/2021,"24,224.10","23,666.60","24,224.10","23,582.90",42560000
02/18/2021,"24,447.10","24,196.20","24,530.70","23,945.30",37460000
02/19/2021,"24,224.10","24,140.40","24,475.00","24,028.90",29850000
02/22/2021,"24,196.20","24,224.10","24,753.70","23,973.20",37490000
02/23/2021,"24,140.40","24,084.70","24,391.30","23,945.30",31450000
02/24/2021,"24,307.70","24,335.60","24,753.70","24,140.40",47880000
02/25/2021,"24,614.30","24,530.70","24,753.70","24,335.60",38490000
02/26/2021,"25,422.70","24,363.50","25,478.50","24,307.70",71830000
03/01/2021,"25,757.20","25,785.10","25,813.00","25,534.20",38610000
03/02/2021,"26,036.00","26,091.80","26,259.00","25,757.20",41540000
03/03/2021,"26,091.80","25,952.40","26,231.10","25,924.50",39070000
03/04/2021,"25,590.00","26,147.50","26,147.50","25,088.20",49070000
03/05/2021,"25,645.70","25,450.60","25,701.50","25,144.00",37550000
03/08/2021,"25,813.00","25,980.20","26,147.50","25,645.70",31200000
03/09/2021,"25,562.10","25,645.70","25,757.20","25,116.10",28590000
03/10/2021,"25,422.70","25,562.10","25,562.10","25,171.80",27680000
03/11/2021,"25,868.70","25,590.00","26,008.10","25,534.20",27320000
03/12/2021,"25,896.60","25,980.20","25,980.20","25,757.20",21330000
03/15/2021,"25,924.50","25,980.20","26,147.50","25,868.70",20890000
03/16/2021,"25,701.50","25,980.20","25,980.20","25,534.20",24740000
03/17/2021,"25,813.00","25,729.40","25,896.60","25,673.60",21400000
03/18/2021,"25,980.20","26,036.00","26,063.90","25,840.90",19600000
03/19/2021,"26,286.90","25,980.20","26,454.10","25,980.20",32280000
03/22/2021,"26,063.90","26,370.50","26,454.10","26,036.00",19390000
03/23/2021,"25,980.20","26,008.10","26,259.00","25,868.70",21920000
03/24/2021,"25,339.10","25,673.60","25,840.90","25,144.00",41510000
03/25/2021,"25,088.20","25,478.50","25,506.40","24,976.70",34980000
03/26/2021,"25,757.20","25,367.00","25,757.20","25,116.10",49330000
03/29/2021,"25,813.00","25,924.50","25,980.20","25,729.40",23260000
03/30/2021,"25,896.60","25,924.50","26,063.90","25,701.50",23400000
03/31/2021,"26,091.80","25,896.60","26,398.40","25,840.90",28650000
04/01/2021,"27,039.50","26,203.30","27,039.50","26,175.40",48580000
04/02/2021,"27,346.20","27,206.80","27,485.50","27,095.30",29270000
04/05/2021,"27,485.50","27,597.00","27,652.80","27,290.40",26990000
04/06/2021,"27,541.30","27,485.50","27,624.90","27,374.00",24630000
04/07/2021,"27,569.20","27,541.30","27,652.80","27,262.50",25290000
04/08/2021,"27,513.40","27,597.00","27,652.80","27,318.30",21010000
04/09/2021,"27,624.90","27,485.50","27,820.10","27,346.20",27420000
04/12/2021,"28,544.80","27,820.10","28,712.10","27,736.40",47400000
04/13/2021,"27,931.60","28,712.10","28,712.10","27,931.60",47310000
04/14/2021,"29,548.40","27,931.60","29,715.60","27,820.10",50460000
04/15/2021,"30,384.60","29,827.10","30,496.10","29,269.60",56300000
04/16/2021,"30,440.40","30,161.60","31,053.60","29,827.10",49900000
04/19/2021,"32,224.40","30,774.90","32,224.40","30,496.10",61090000
04/20/2021,"31,889.90","32,335.90","32,670.40","31,220.90",66390000
04/22/2021,"30,663.40","31,499.70","32,280.20","30,663.40",58000000
04/23/2021,"31,443.90","30,942.10","31,443.90","30,551.90",50010000
04/26/2021,"30,719.10","31,499.70","31,555.40","30,663.40",44150000
04/27/2021,"31,388.20","30,719.10","31,443.90","30,328.90",37370000
04/28/2021,"31,220.90","31,388.20","31,499.70","30,942.10",27410000
04/29/2021,"32,391.70","31,499.70","32,726.20","31,443.90",48930000
05/04/2021,"33,339.50","31,945.70","33,674.00","31,778.40",57910000
05/05/2021,"33,060.70","33,451.00","33,618.20","33,060.70",42940000
05/06/2021,"33,116.50","33,060.70","33,618.20","32,781.90",37930000
05/07/2021,"33,897.00","33,005.00","34,287.20","32,949.20",51870000
05/10/2021,"35,123.50","33,897.00","35,290.80","33,897.00",49420000
05/11/2021,"34,566.00","35,290.80","35,290.80","34,566.00",51890000
05/12/2021,"34,956.30","34,343.00","34,956.30","34,175.70",51450000
05/13/2021,"34,287.20","34,789.00","35,123.50","34,287.20",43270000
05/14/2021,"34,231.50","34,566.00","34,844.80","34,008.50",55840000
05/17/2021,"34,510.20","34,231.50","34,789.00","33,785.50",59680000
05/18/2021,"35,346.50","34,844.80","35,513.80","34,844.80",68700000
05/19/2021,"36,851.80","35,681.00","37,186.30","35,402.30",49860000
05/20/2021,"37,130.60","36,907.60","37,186.30","36,517.30",37820000
05/21/2021,"36,573.10","36,851.80","37,019.10","36,461.50",40280000
05/24/2021,"36,461.50","36,573.10","36,851.80","36,238.50",41400000
05/25/2021,"37,576.60","36,405.80","37,799.60","36,350.00",39820000
05/26/2021,"37,799.60","37,576.60","37,799.60","37,465.10",27180000
05/27/2021,"37,242.10","37,743.80","37,799.60","36,907.60",33630000
05/28/2021,"37,409.30","37,409.30","37,520.80","36,907.60",52890000
05/31/2021,"39,884.60","39,884.60","39,884.60","39,203.50",78400000
06/01/2021,"42,003.70","41,322.60","42,609.20","40,868.50",43440000
06/02/2021,"40,868.50","41,625.30","42,003.70","40,111.70",52000000
06/03/2021,"41,095.50","40,868.50","41,322.60","40,111.70",48060000
06/04/2021,"41,246.90","41,246.90","41,852.40","41,095.50",41180000
06/07/2021,"39,884.60","41,322.60","41,625.30","39,354.90",45050000
06/08/2021,"37,841.20","39,581.90","40,036.00","37,841.20",50030000
06/09/2021,"38,068.30","37,765.50","38,900.80","37,084.40",53240000
06/10/2021,"39,052.10","37,992.60","39,808.90","37,841.20",38110000
06/11/2021,"40,187.40","39,430.50","40,263.00","39,052.10",37740000
06/14/2021,"40,565.80","40,490.10","41,095.50","39,960.30",37160000
06/15/2021,"40,263.00","40,111.70","40,565.80","39,884.60",28220000
06/16/2021,"39,203.50","39,960.30","40,111.70","38,976.40",37610000
06/17/2021,"38,900.80","38,522.30","39,279.20","38,522.30",26280000
06/18/2021,"39,430.50","39,279.20","40,338.70","38,900.80",37690000
06/21/2021,"38,749.40","39,354.90","39,733.30","38,749.40",29390000
06/22/2021,"39,127.80","38,976.40","39,657.60","38,749.40",24000000
06/23/2021,"38,900.80","39,052.10","39,279.20","38,673.70",24130000
06/24/2021,"38,295.30","38,900.80","39,127.80","38,219.60",25980000
06/25/2021,"38,371.00","38,371.00","38,749.40","37,689.80",34050000
06/28/2021,"39,657.60","38,825.10","39,733.30","38,446.70",50910000
06/29/2021,"39,203.50","39,733.30","39,808.90","39,127.80",25780000
06/30/2021,"38,976.40","39,279.20","39,506.20","38,900.80",24570000
07/01/2021,"39,960.30","39,127.80","40,036.00","39,052.10",51570000
07/02/2021,"39,581.90","40,111.70","40,414.40","39,506.20",39080000
07/05/2021,"38,749.40","39,581.90","39,581.90","38,446.70",48190000
07/06/2021,"36,327.60","38,673.70","39,506.20","36,327.60",62680000
07/07/2021,"37,765.50","37,084.40","37,765.50","36,214.00",52720000
07/08/2021,"37,084.40","37,765.50","37,916.90","36,781.60",39820000
07/09/2021,"35,797.80","36,706.00","37,160.10","34,813.90",60960000
07/12/2021,"34,019.20","35,343.70","35,495.00","33,300.30",98150000
07/13/2021,"34,435.50","34,435.50","34,813.90","33,716.50",33150000
07/14/2021,"34,057.10","34,738.20","34,813.90","33,565.10",35660000
07/15/2021,"35,192.30","33,754.40","35,457.20","33,754.40",37110000
07/16/2021,"35,381.50","35,343.70","35,911.30","35,192.30",28930000
07/19/2021,"33,527.30","34,549.00","34,738.20","33,300.30",51250000
07/20/2021,"35,797.80","34,057.10","35,797.80","33,640.80",53260000
07/21/2021,"35,381.50","35,949.10","36,176.20","35,268.00",27740000
07/22/2021,"35,722.10","35,343.70","36,100.50","35,041.00",27940000
07/23/2021,"34,662.50","35,419.40","35,570.70","34,662.50",37580000
07/26/2021,"34,511.20","34,435.50","34,889.60","33,792.20",30530000
07/27/2021,"34,965.30","34,813.90","35,419.40","34,586.90",23670000
07/28/2021,"35,343.70","35,041.00","35,646.40","34,965.30",27580000
07/29/2021,"35,646.40","35,532.90","36,100.50","35,419.40",42620000
07/30/2021,"35,797.80","35,646.40","36,024.80","35,646.40",29920000
08/02/2021,"35,759.90","35,646.40","36,251.90","35,495.00",31470000
08/03/2021,"35,759.90","35,797.80","36,062.70","35,381.50",36790000
08/04/2021,"35,949.10","35,987.00","36,327.60","35,759.90",31630000
08/05/2021,"36,933.00","35,911.30","37,084.40","35,835.60",38620000
08/06/2021,"36,630.30","36,781.60","37,160.10","36,554.60",26130000
08/09/2021,"37,614.20","36,403.20","37,614.20","36,289.70",39550000
08/10/2021,"37,387.10","37,916.90","38,219.60","37,160.10",30310000
08/11/2021,"37,046.50","37,689.80","37,689.80","37,046.50",28460000
08/12/2021,"36,630.30","37,008.70","37,084.40","36,630.30",28010000
08/13/2021,"36,819.50","36,630.30","36,857.30","36,100.50",33550000
08/16/2021,"37,425.00","37,084.40","37,462.80","37,046.50",28890000
08/17/2021,"38,143.90","37,576.30","38,522.30","37,538.50",59130000
08/18/2021,"38,143.90","38,219.60","38,522.30","37,765.50",26210000
08/19/2021,"38,522.30","38,295.30","38,825.10","38,143.90",35760000
08/20/2021,"37,084.40","38,446.70","38,598.00","36,478.90",64130000
08/23/2021,"35,949.10","37,084.40","37,084.40","35,949.10",42670000
08/24/2021,"36,138.30","36,024.80","36,516.80","35,949.10",28510000
08/25/2021,"36,630.30","36,289.70","36,706.00","35,873.50",21320000
08/26/2021,"36,100.50","36,781.60","36,781.60","35,987.00",18020000
08/27/2021,"36,024.80","35,949.10","36,214.00","35,381.50",31840000
08/30/2021,"36,857.30","36,327.60","36,895.20","36,062.70",22110000
08/31/2021,"37,311.40","37,084.40","37,614.20","36,933.00",33630000
09/01/2021,"37,235.70","37,084.40","37,500.60","37,008.70",19590000
09/06/2021,"38,749.40","37,462.80","38,900.80","37,387.10",62530000
09/07/2021,"38,371.00","39,052.10","39,354.90","38,295.30",40620000
09/08/2021,"38,825.10","38,371.00","39,279.20","38,143.90",42950000
09/09/2021,"39,279.20","39,052.10","39,657.60","38,976.40",47730000
09/10/2021,"38,976.40","39,354.90","39,506.20","38,900.80",22380000
09/13/2021,"38,446.70","38,976.40","38,976.40","38,371.00",35400000
09/14/2021,"38,068.30","38,446.70","38,598.00","37,992.60",29160000
09/15/2021,"39,052.10","37,916.90","39,354.90","37,765.50",33680000
09/16/2021,"38,825.10","39,354.90","39,581.90","38,825.10",23380000
09/17/2021,"39,203.50","38,900.80","39,354.90","38,825.10",31910000
09/20/2021,"38,825.10","39,657.60","39,657.60","38,522.30",42030000
09/21/2021,"38,446.70","38,295.30","38,749.40","37,992.60",37500000
09/22/2021,"38,522.30","38,446.70","38,673.70","38,295.30",17090000
09/23/2021,"38,598.00","38,825.10","39,279.20","38,522.30",23110000
09/24/2021,"38,446.70","38,598.00","39,127.80","38,371.00",20650000
09/27/2021,"38,446.70","38,900.80","39,354.90","38,446.70",37010000
09/28/2021,"39,808.90","38,295.30","39,884.60","38,295.30",46290000
09/29/2021,"40,338.70","39,884.60","40,565.80","39,808.90",45370000
09/30/2021,"40,036.00","40,641.50","40,641.50","39,960.30",30090000
10/01/2021,"40,414.40","40,036.00","40,641.50","39,884.60",39620000
10/04/2021,"42,003.70","40,792.80","42,306.50","40,792.80",58960000
10/05/2021,"41,852.40","42,003.70","42,306.50","41,701.00",34540000
10/06/2021,"42,457.80","42,230.80","42,609.20","41,928.10",34800000
10/07/2021,"42,079.40","42,684.90","42,911.90","42,003.70",34800000
10/08/2021,"42,155.10","42,230.80","42,533.50","41,776.70",28200000
10/11/2021,"43,290.30","42,457.80","43,366.00","42,155.10",33210000
10/12/2021,"43,139.00","43,366.00","43,593.10","42,987.60",23540000
10/13/2021,"42,987.60","43,139.00","43,441.70","42,760.60",20260000
10/14/2021,"42,987.60","42,987.60","43,441.70","42,911.90",25060000
10/15/2021,"43,366.00","43,366.00","43,668.70","43,139.00",24080000
10/18/2021,"43,820.10","43,593.10","44,198.50","43,517.40",26960000
10/19/2021,"43,290.30","43,593.10","43,895.80","43,214.70",30840000
10/20/2021,"43,063.30","43,441.70","43,517.40","42,230.80",45060000
10/21/2021,"43,290.30","43,290.30","44,047.20","42,836.20",50950000
10/22/2021,"42,911.90","43,441.70","43,744.40","42,911.90",25800000
10/25/2021,"41,701.00","42,760.60","42,911.90","41,701.00",54090000
10/26/2021,"42,609.20","41,474.00","42,609.20","41,019.90",36280000
10/27/2021,"43,820.10","42,609.20","43,820.10","42,609.20",37620000
10/28/2021,"43,895.80","43,820.10","44,047.20","43,366.00",28500000
10/29/2021,"43,214.70","43,895.80","43,971.50","43,214.70",31040000
11/01/2021,"42,155.10","43,214.70","43,214.70","42,155.10",58780000
11/02/2021,"42,003.70","42,003.70","42,684.90","41,776.70",33370000
11/03/2021,"42,079.40","42,533.50","42,609.20","41,852.40",38830000
11/04/2021,"42,609.20","42,079.40","43,063.30","42,079.40",19300000
11/05/2021,"42,836.20","42,609.20","43,139.00","42,155.10",25190000
11/08/2021,"42,987.60","43,063.30","43,139.00","42,533.50",27630000
11/09/2021,"42,760.60","42,987.60","43,593.10","42,684.90",32130000
11/10/2021,"41,852.40","42,760.60","42,836.20","41,776.70",56390000
11/11/2021,"40,868.50","41,625.30","41,852.40","40,565.80",70580000
11/12/2021,"41,322.60","40,792.80","41,474.00","40,717.10",27100000
11/15/2021,"40,565.80","41,246.90","41,322.60","40,338.70",39840000
11/16/2021,"39,354.90","40,338.70","40,565.80","39,354.90",51710000
11/17/2021,"38,900.80","39,354.90","39,808.90","38,900.80",39000000
11/18/2021,"37,803.40","38,900.80","38,900.80","37,538.50",76190000
11/19/2021,"36,327.60","37,538.50","37,614.20","36,251.90",63010000
11/22/2021,"36,819.50","36,478.90","37,235.70","36,327.60",29420000
11/23/2021,"37,500.60","37,008.70","37,689.80","36,781.60",20340000
11/24/2021,"36,819.50","37,462.80","37,614.20","36,706.00",35260000
11/25/2021,"37,273.60","36,857.30","37,349.30","36,857.30",28290000
11/26/2021,"37,122.20","37,311.40","37,803.40","37,084.40",34750000
11/29/2021,"36,630.30","36,478.90","37,008.70","36,478.90",28340000
11/30/2021,"37,046.50","37,046.50","37,803.40","36,706.00",28830000
12/01/2021,"37,084.40","37,462.80","37,462.80","37,008.70",17970000
12/02/2021,"36,781.60","37,235.70","37,273.60","36,781.60",16680000
12/03/2021,"36,100.50","36,933.00","37,197.90","36,100.50",28190000
12/06/2021,"34,624.70","35,949.10","36,289.70","34,435.50",45020000
12/07/2021,"36,024.80","35,154.50","36,024.80","34,813.90",28520000
12/08/2021,"35,722.10","36,251.90","36,251.90","35,608.60",14440000
12/09/2021,"35,646.40","35,495.00","35,797.80","35,419.40",13420000
12/10/2021,"35,192.30","35,608.60","35,722.10","35,116.60",25260000
12/13/2021,"35,230.20","35,230.20","35,684.30","35,041.00",18600000
12/14/2021,"36,100.50","35,230.20","37,160.10","34,965.30",46380000
12/15/2021,"36,176.20","36,327.60","36,781.60","36,100.50",11760000
12/16/2021,"35,949.10","36,403.20","36,403.20","35,797.80",14340000
12/17/2021,"35,343.70","35,835.60","35,987.00","35,268.00",28620000
12/20/2021,"35,495.00","35,343.70","35,835.60","35,192.30",12980000
12/21/2021,"34,889.60","35,495.00","35,532.90","34,889.60",22220000
12/22/2021,"34,132.80","35,041.00","35,192.30","34,132.80",32070000
12/23/2021,"34,019.20","34,132.80","34,132.80","33,375.90",34680000
12/24/2021,"34,851.70","34,284.10","35,305.80","34,246.30",24920000
12/27/2021,"34,738.20","35,230.20","35,268.00","34,473.30",13880000
12/28/2021,"34,662.50","34,738.20","35,343.70","34,511.20",16060000
12/29/2021,"34,662.50","34,662.50","35,041.00","34,435.50",19650000
12/30/2021,"34,586.90","35,041.00","35,041.00","34,586.90",13370000
12/31/2021,"35,116.60","34,813.90","35,305.80","34,700.40",17920000
01/04/2022,"35,381.50","35,419.40","35,722.10","35,268.00",26130000
01/05/2022,"35,419.40","35,495.00","35,835.60","35,419.40",24390000
01/06/2022,"34,889.60","35,192.30","35,343.70","34,889.60",22320000
01/07/2022,"34,662.50","34,889.60","34,965.30","34,549.00",21240000
01/10/2022,"34,549.00","34,700.40","35,305.80","34,435.50",22720000
01/11/2022,"34,132.80","34,851.70","34,851.70","34,132.80",16590000
01/12/2022,"34,965.30","34,208.40","35,003.10","34,170.60",19090000
01/13/2022,"35,343.70","35,041.00","35,797.80","34,965.30",32490000
01/14/2022,"35,003.10","35,192.30","35,457.20","34,965.30",10270000
01/17/2022,"33,830.00","35,003.10","35,192.30","33,830.00",28160000
01/18/2022,"33,300.30","33,678.70","34,246.30","32,543.40",27870000
01/19/2022,"32,921.80","33,603.00","33,716.50","32,884.00",23020000
01/20/2022,"33,300.30","33,148.90","33,451.60","32,770.50",19070000
01/21/2022,"32,770.50","33,300.30","33,640.80","32,619.10",21160000
01/24/2022,"30,802.70","32,619.10","32,694.80","30,802.70",38250000
01/25/2022,"32,732.60","30,651.40","32,770.50","30,424.30",23250000
01/26/2022,"32,884.00","32,921.80","33,640.80","32,884.00",19770000
01/27/2022,"31,900.10","32,694.80","32,921.80","31,786.60",19110000
01/28/2022,"31,938.00","31,975.80","32,392.10","31,559.60",19420000
02/07/2022,"32,581.30","32,392.10","33,073.20","31,635.20",21590000
02/08/2022,"34,473.30","32,543.40","34,473.30","32,543.40",34490000
02/09/2022,"35,797.80","34,662.50","36,554.60","34,586.90",52390000
02/10/2022,"35,570.70","35,873.50","36,251.90","35,343.70",30680000
02/11/2022,"35,684.30","35,268.00","35,949.10","35,041.00",22550000
02/14/2022,"34,965.30","35,192.30","35,949.10","34,927.40",23720000
02/15/2022,"34,813.90","34,965.30","35,230.20","34,359.80",20230000
02/16/2022,"34,813.90","34,889.60","35,192.30","34,511.20",12160000
02/17/2022,"35,192.30","34,813.90","35,381.50","34,813.90",14760000
02/18/2022,"35,608.60","34,965.30","36,062.70","34,851.70",27790000
02/21/2022,"35,305.80","35,646.40","35,949.10","35,230.20",15830000
02/22/2022,"35,116.60","35,041.00","35,268.00","34,586.90",22970000
02/23/2022,"35,343.70","35,305.80","35,722.10","35,003.10",16880000
02/24/2022,"34,813.90","35,381.50","35,457.20","34,132.80",29180000
02/25/2022,"34,738.20","34,889.60","35,078.80","34,738.20",16610000
02/28/2022,"35,722.10","34,851.70","36,176.20","34,851.70",45760000
03/01/2022,"35,495.00","36,100.50","36,403.20","35,457.20",30390000
03/02/2022,"35,495.00","35,570.70","35,835.60","35,268.00",25860000
03/03/2022,"37,916.90","36,024.80","37,916.90","35,797.80",99110000
03/04/2022,"37,689.80","38,598.00","38,825.10","37,689.80",43390000
03/07/2022,"38,673.70","37,992.60","39,733.30","37,841.20",49990000
03/08/2022,"37,425.00","38,295.30","38,749.40","37,425.00",52660000
03/09/2022,"37,727.70","37,841.20","38,068.30","36,970.90",45210000
03/10/2022,"37,197.90","37,841.20","37,916.90","37,160.10",34880000
03/11/2022,"36,024.80","37,235.70","37,311.40","35,457.20",57640000
03/14/2022,"34,662.50","35,797.80","36,478.90","34,662.50",44000000
03/15/2022,"34,927.40","34,776.10","35,343.70","34,397.70",27120000
03/16/2022,"34,965.30","35,495.00","35,684.30","34,965.30",14840000
03/17/2022,"34,776.10","35,268.00","35,343.70","34,738.20",19450000
03/18/2022,"35,192.30","34,965.30","35,457.20","34,851.70",23050000
03/21/2022,"35,457.20","35,343.70","35,722.10","35,116.60",25110000
03/22/2022,"35,495.00","35,495.00","35,532.90","35,041.00",29860000
03/23/2022,"35,419.40","35,722.10","35,911.30","35,419.40",22480000
03/24/2022,"35,116.60","35,570.70","35,570.70","35,078.80",19410000
03/25/2022,"35,116.60","35,230.20","35,532.90","34,965.30",17480000
03/28/2022,"34,738.20","34,889.60","35,457.20","34,662.50",25360000
03/29/2022,"34,700.40","34,965.30","35,003.10","34,662.50",16880000
03/30/2022,"34,435.50","34,662.50","35,116.60","34,359.80",20440000
03/31/2022,"34,132.80","34,549.00","34,776.10","33,905.70",24560000
04/01/2022,"34,586.90","34,057.10","34,813.90","33,678.70",25610000
04/04/2022,"34,700.40","34,813.90","35,041.00","34,624.70",15800000
04/05/2022,"34,889.60","34,813.90","35,116.60","34,776.10",15760000
04/06/2022,"35,759.90","34,813.90","36,289.70","34,813.90",38620000
04/07/2022,"35,230.20","35,949.10","36,024.80","35,230.20",18870000
04/08/2022,"35,116.60","35,381.50","35,608.60","35,078.80",17860000
04/12/2022,"34,132.80","35,192.30","35,192.30","34,094.90",23700000
04/13/2022,"34,208.40","34,284.10","34,397.70","33,830.00",16530000
04/14/2022,"33,981.40","34,284.10","34,473.30","33,981.40",15650000
04/15/2022,"33,451.60","33,981.40","34,057.10","33,413.80",23890000
04/18/2022,"32,278.50","33,338.10","33,716.50","32,278.50",30140000
04/19/2022,"32,770.50","32,543.40","33,224.60","32,467.80",24770000
04/20/2022,"32,694.80","32,921.80","33,300.30","32,619.10",17210000
04/21/2022,"32,808.30","32,543.40","33,375.90","31,862.30",23160000
04/22/2022,"33,148.90","33,300.30","33,338.10","32,051.50",16510000
04/25/2022,"30,840.60","33,148.90","33,148.90","30,840.60",37770000
04/26/2022,"31,181.20","30,386.50","31,332.50","29,970.20",30260000
04/27/2022,"32,165.00","31,181.20","32,467.80","31,105.50",24410000
04/28/2022,"32,619.10","32,165.00","32,884.00","32,165.00",17700000
04/29/2022,"32,770.50","32,467.80","32,846.20","32,429.90",16050000
05/04/2022,"31,786.60","32,770.50","32,770.50","31,786.60",19370000
05/05/2022,"31,824.50","32,240.70","32,240.70","31,408.20",17960000
05/06/2022,"31,635.20","31,332.50","32,543.40","31,332.50",19510000
05/09/2022,"30,235.10","31,408.20","31,710.90","30,235.10",34170000
05/10/2022,"31,105.50","29,894.60","31,105.50","29,289.10",25270000
05/11/2022,"30,764.90","31,029.80","31,256.80","30,689.20",12430000
05/12/2022,"28,948.50","30,727.10","30,764.90","28,948.50",32830000
05/13/2022,"27,170.00","28,872.80","29,175.60","27,056.50",55900000
05/16/2022,"27,472.70","28,040.30","28,380.90","27,472.70",38210000
05/17/2022,"28,910.70","27,397.00","28,910.70","27,245.70",30440000
05/18/2022,"28,910.70","29,062.00","29,289.10","28,645.80",20900000
05/19/2022,"28,683.60","28,229.50","28,835.00","27,889.00",20850000
05/20/2022,"28,494.40","28,532.30","28,607.90","28,191.70",18110000
05/23/2022,"27,813.30","28,721.50","28,910.70","27,472.70",13230000
05/24/2022,"26,413.20","27,813.30","28,002.50","25,883.40",54860000
05/25/2022,"26,072.60","26,110.40","26,451.00","25,013.00",51240000
05/26/2022,"26,488.80","26,488.80","26,942.90","26,148.30",21090000
05/27/2022,"26,829.40","26,488.80","27,170.00","26,337.50",22870000
05/30/2022,"26,829.40","26,867.30","27,132.10","26,715.90",19570000
05/31/2022,"26,261.80","26,753.70","26,753.70","26,110.40",24490000
06/01/2022,"25,996.90","26,110.40","26,337.50","25,580.70",28140000
06/02/2022,"25,088.70","25,732.00","25,959.10","25,013.00",32990000
06/03/2022,"25,277.90","25,202.20","25,732.00","25,164.40",19120000
06/06/2022,"25,202.20","25,845.50","25,921.20","25,050.90",23100000
06/07/2022,"25,126.60","25,202.20","25,391.40","24,710.30",25190000
06/08/2022,"24,899.50","25,202.20","25,315.80","24,786.00",32290000
06/09/2022,"25,580.70","24,899.50","26,148.30","24,786.00",35070000
06/10/2022,"25,429.30","25,580.70","25,921.20","25,429.30",19740000
06/13/2022,"24,067.00","24,975.20","25,353.60","23,991.30",27610000
06/14/2022,"22,931.80","23,840.00","23,877.80","22,856.10",36970000
06/15/2022,"22,250.60","22,780.40","23,385.90","21,834.40",37310000
06/16/2022,"23,461.50","22,818.20","23,726.40","22,629.00",43400000
06/17/2022,"23,200.00","23,450.00","23,500.00","21,950.00",30240000
06/20/2022,"21,600.00","22,750.00","23,000.00","21,600.00",37270000
06/21/2022,"20,800.00","21,350.00","21,500.00","20,500.00",39940000
06/22/2022,"21,500.00","20,850.00","22,000.00","20,850.00",21440000
06/23/2022,"21,800.00","21,500.00","21,850.00","21,500.00",6930000
06/24/2022,"21,800.00","21,850.00","22,500.00","21,700.00",12830000
06/27/2022,"22,900.00","22,000.00","22,900.00","21,350.00",20740000
06/28/2022,"22,500.00","22,850.00","22,850.00","22,250.00",17840000
06/29/2022,"22,750.00","22,300.00","23,150.00","22,100.00",20190000
06/30/2022,"22,300.00","22,900.00","23,400.00","22,300.00",19950000
07/01/2022,"22,400.00","22,300.00","22,600.00","21,550.00",15200000
07/04/2022,"22,000.00","22,650.00","22,650.00","22,000.00",12440000
07/05/2022,"21,900.00","22,100.00","22,350.00","21,750.00",15090000
07/06/2022,"21,450.00","21,700.00","22,250.00","21,300.00",18230000
07/07/2022,"21,750.00","21,450.00","21,750.00","21,400.00",10830000
07/08/2022,"22,450.00","22,000.00","22,550.00","22,000.00",19500000
07/11/2022,"22,050.00","22,400.00","22,650.00","21,950.00",12480000
07/12/2022,"22,300.00","22,050.00","22,500.00","21,950.00",12150000
07/13/2022,"22,300.00","22,200.00","22,800.00","22,150.00",17860000
07/14/2022,"22,200.00","22,200.00","22,400.00","22,100.00",12520000
07/15/2022,"23,200.00","22,350.00","23,500.00","22,350.00",47700000
07/18/2022,"22,600.00","23,200.00","23,300.00","22,500.00",19930000
07/19/2022,"22,150.00","22,500.00","22,600.00","22,100.00",16280000
07/20/2022,"22,350.00","22,350.00","22,750.00","22,300.00",16890000
07/21/2022,"22,700.00","22,350.00","23,000.00","22,300.00",23040000
07/22/2022,"22,200.00","22,700.00","22,800.00","22,200.00",16640000
07/25/2022,"21,900.00","22,200.00","22,300.00","21,800.00",20720000
07/26/2022,"21,650.00","21,800.00","22,000.00","21,600.00",26380000
07/27/2022,"21,250.00","21,450.00","21,500.00","21,050.00",28600000
07/28/2022,"21,400.00","21,500.00","21,700.00","21,250.00",23510000
07/29/2022,"21,500.00","21,600.00","21,950.00","21,500.00",20590000
08/01/2022,"22,800.00","21,700.00","22,850.00","21,600.00",38140000
08/02/2022,"22,900.00","22,900.00","23,150.00","22,700.00",27730000
08/03/2022,"23,750.00","22,700.00","23,850.00","22,600.00",58850000
08/04/2022,"23,650.00","23,900.00","23,950.00","23,500.00",30030000
08/05/2022,"23,300.00","23,400.00","23,650.00","23,150.00",42520000
08/08/2022,"23,600.00","23,400.00","23,900.00","23,300.00",30370000
08/09/2022,"24,100.00","23,900.00","24,300.00","23,650.00",48220000
08/10/2022,"23,800.00","24,000.00","24,400.00","23,800.00",30120000
08/11/2022,"23,400.00","24,050.00","24,150.00","23,300.00",34350000
08/12/2022,"23,950.00","23,300.00","24,050.00","23,250.00",33800000
08/15/2022,"24,000.00","24,100.00","24,200.00","23,800.00",31510000
08/16/2022,"24,550.00","24,000.00","24,700.00","24,000.00",65490000
08/17/2022,"24,300.00","24,600.00","24,650.00","24,150.00",27440000
08/18/2022,"24,150.00","24,100.00","24,350.00","24,050.00",23220000
08/19/2022,"23,750.00","24,100.00","24,250.00","23,650.00",31460000
08/22/2022,"23,350.00","23,650.00","23,750.00","23,150.00",23800000
08/23/2022,"23,650.00","23,100.00","23,650.00","23,100.00",16690000
08/24/2022,"23,500.00","23,650.00","23,750.00","23,500.00",12130000
08/25/2022,"23,850.00","23,750.00","24,050.00","23,600.00",18260000
08/26/2022,"23,500.00","24,000.00","24,000.00","23,500.00",16470000
08/29/2022,"23,000.00","23,050.00","23,250.00","22,650.00",32470000
08/30/2022,"23,050.00","23,100.00","23,300.00","22,950.00",15310000
08/31/2022,"23,000.00","23,000.00","23,150.00","22,750.00",14980000
09/05/2022,"23,900.00","23,050.00","24,100.00","23,050.00",26280000
09/06/2022,"23,550.00","24,000.00","24,200.00","23,550.00",15330000
09/07/2022,"23,000.00","23,550.00","23,800.00","23,000.00",25030000
09/08/2022,"23,100.00","23,200.00","23,450.00","22,900.00",20370000
09/09/2022,"23,800.00","23,350.00","23,800.00","23,100.00",26050000
09/12/2022,"23,800.00","23,900.00","24,300.00","23,800.00",26170000
09/13/2022,"23,700.00","23,750.00","24,000.00","23,500.00",14680000
09/14/2022,"23,700.00","23,250.00","23,800.00","23,250.00",27030000
09/15/2022,"23,600.00","23,900.00","23,900.00","23,450.00",13730000
09/16/2022,"23,000.00","23,400.00","23,600.00","23,000.00",27510000
09/19/2022,"22,650.00","23,100.00","23,250.00","22,450.00",27480000
09/20/2022,"23,000.00","22,800.00","23,000.00","22,600.00",11510000
09/21/2022,"22,900.00","22,900.00","22,950.00","22,700.00",9920000
09/22/2022,"23,000.00","22,700.00","23,100.00","22,650.00",11590000
09/23/2022,"22,700.00","23,050.00","23,200.00","22,700.00",14590000
09/26/2022,"22,400.00","22,450.00","22,600.00","21,850.00",25880000
09/27/2022,"22,400.00","22,450.00","22,500.00","22,100.00",9010000
09/28/2022,"21,800.00","22,200.00","22,450.00","21,600.00",14070000
09/29/2022,"21,650.00","22,150.00","22,300.00","21,650.00",10330000
09/30/2022,"21,200.00","21,500.00","21,650.00","20,700.00",23370000
10/03/2022,"19,750.00","21,200.00","21,200.00","19,750.00",33570000
10/04/2022,"18,850.00","20,100.00","20,250.00","18,650.00",30510000
10/05/2022,"19,200.00","19,200.00","19,350.00","18,850.00",25320000
10/06/2022,"18,000.00","19,300.00","19,300.00","18,000.00",37460000
10/07/2022,"17,600.00","17,650.00","17,800.00","17,050.00",36470000
10/10/2022,"18,350.00","17,300.00","18,600.00","17,200.00",25060000
10/11/2022,"17,500.00","18,400.00","18,400.00","17,350.00",26450000
10/12/2022,"18,700.00","17,800.00","18,700.00","17,500.00",29000000
10/13/2022,"19,500.00","18,800.00","19,600.00","18,550.00",24200000
10/14/2022,"19,450.00","19,750.00","19,900.00","19,300.00",22590000
10/17/2022,"19,250.00","19,250.00","19,350.00","18,900.00",17060000
10/18/2022,"18,850.00","19,500.00","19,700.00","18,700.00",24390000
10/19/2022,"18,400.00","18,850.00","18,850.00","18,350.00",20240000
10/20/2022,"18,100.00","18,350.00","18,600.00","18,050.00",26030000
10/21/2022,"16,900.00","18,300.00","18,300.00","16,900.00",45160000
10/24/2022,"16,400.00","17,000.00","17,050.00","16,200.00",27970000
10/25/2022,"17,100.00","16,400.00","17,500.00","16,050.00",31110000
10/26/2022,"16,900.00","17,000.00","17,400.00","16,850.00",11240000
10/27/2022,"17,400.00","16,950.00","17,600.00","16,900.00",21370000
10/28/2022,"16,800.00","17,400.00","17,650.00","16,800.00",31200000
10/31/2022,"15,650.00","15,650.00","16,000.00","15,650.00",66300000
11/01/2022,"15,000.00","15,750.00","16,000.00","14,800.00",81550000
11/02/2022,"15,350.00","15,000.00","15,700.00","15,000.00",40120000
11/03/2022,"15,200.00","15,250.00","15,450.00","15,100.00",20630000
11/04/2022,"14,650.00","15,000.00","15,150.00","14,500.00",43890000
11/07/2022,"13,700.00","14,550.00","14,800.00","13,700.00",38260000
11/08/2022,"13,150.00","13,100.00","13,700.00","13,000.00",46270000
11/09/2022,"13,000.00","13,200.00","13,600.00","12,950.00",32790000
11/10/2022,"12,100.00","12,700.00","12,800.00","12,100.00",79750000
11/11/2022,"12,300.00","12,300.00","12,650.00","12,000.00",60720000
11/14/2022,"12,200.00","12,150.00","12,450.00","11,850.00",60270000
11/15/2022,"12,500.00","12,000.00","12,550.00","12,000.00",40420000
11/16/2022,"13,350.00","12,300.00","13,350.00","11,800.00",34900000
11/17/2022,"14,250.00","13,900.00","14,250.00","13,800.00",21510000
11/18/2022,"15,100.00","14,600.00","15,200.00","14,250.00",99660000
11/21/2022,"14,950.00","15,200.00","15,250.00","14,750.00",31600000
11/22/2022,"14,800.00","14,650.00","15,450.00","14,450.00",43250000
11/23/2022,"13,800.00","14,700.00","14,850.00","13,800.00",30300000
11/24/2022,"14,350.00","13,700.00","14,400.00","13,600.00",31120000
11/25/2022,"15,300.00","14,600.00","15,300.00","14,350.00",26530000
11/28/2022,"16,350.00","15,600.00","16,350.00","15,600.00",58840000
11/29/2022,"17,400.00","16,600.00","17,450.00","16,350.00",64310000
11/30/2022,"18,400.00","17,550.00","18,400.00","17,200.00",57720000
12/01/2022,"18,200.00","18,750.00","19,650.00","18,000.00",66590000
12/02/2022,"19,450.00","18,000.00","19,450.00","17,800.00",45680000
12/05/2022,"20,000.00","19,800.00","20,400.00","19,500.00",46510000
12/06/2022,"18,600.00","19,900.00","19,950.00","18,600.00",62780000
12/07/2022,"18,250.00","18,000.00","19,150.00","17,700.00",34620000
12/08/2022,"18,900.00","18,900.00","19,350.00","18,500.00",29940000
12/09/2022,"19,200.00","18,900.00","19,450.00","18,500.00",34550000
12/12/2022,"18,600.00","19,200.00","19,550.00","18,600.00",35830000
12/13/2022,"19,000.00","18,600.00","19,000.00","18,250.00",24340000
12/14/2022,"19,200.00","19,350.00","19,600.00","19,000.00",34290000
12/15/2022,"19,350.00","19,100.00","19,650.00","19,100.00",20980000
12/16/2022,"20,400.00","19,200.00","20,450.00","18,950.00",55380000
12/19/2022,"20,000.00","20,600.00","21,250.00","20,000.00",48040000
12/20/2022,"19,000.00","19,800.00","20,100.00","18,750.00",45550000
12/21/2022,"18,900.00","19,400.00","19,450.00","18,100.00",27700000
12/22/2022,"18,900.00","19,100.00","19,600.00","18,700.00",18970000
12/23/2022,"18,350.00","18,850.00","18,900.00","18,100.00",24810000
12/26/2022,"17,100.00","18,300.00","18,300.00","17,100.00",31370000
12/27/2022,"18,250.00","17,100.00","18,250.00","17,100.00",23660000
12/28/2022,"18,200.00","18,400.00","18,500.00","17,950.00",14310000
12/29/2022,"18,000.00","18,300.00","18,500.00","17,850.00",17420000
12/30/2022,"18,000.00","18,100.00","18,450.00","17,900.00",14450000
01/03/2023,"19,250.00","18,300.00","19,250.00","18,200.00",27990000
01/04/2023,"19,400.00","19,450.00","19,800.00","19,300.00",20230000
01/05/2023,"19,800.00","19,400.00","20,000.00","19,150.00",21500000
01/06/2023,"19,400.00","19,700.00","20,100.00","19,200.00",19630000
01/09/2023,"19,600.00","19,800.00","20,100.00","19,500.00",16190000
01/10/2023,"19,800.00","19,600.00","20,100.00","19,200.00",26850000
01/11/2023,"20,200.00","20,000.00","20,550.00","19,900.00",25710000
01/12/2023,"20,050.00","20,100.00","20,250.00","19,900.00",20170000
01/13/2023,"19,950.00","20,250.00","20,350.00","19,900.00",19170000
01/16/2023,"20,250.00","20,000.00","20,650.00","19,950.00",22320000
01/17/2023,"21,650.00","20,450.00","21,650.00","20,450.00",41580000
01/18/2023,"21,700.00","22,000.00","22,050.00","21,550.00",25850000
01/19/2023,"21,150.00","21,600.00","21,850.00","20,850.00",43940000
01/27/2023,"21,500.00","21,000.00","21,550.00","20,850.00",26520000
01/30/2023,"21,750.00","21,700.00","22,200.00","21,350.00",42340000
01/31/2023,"22,100.00","21,900.00","22,100.00","21,700.00",28110000
02/01/2023,"21,100.00","22,200.00","22,650.00","21,000.00",51910000
02/02/2023,"21,300.00","21,200.00","21,700.00","21,100.00",25390000
02/03/2023,"21,100.00","21,450.00","21,550.00","21,000.00",20960000
02/06/2023,"21,150.00","21,100.00","21,150.00","20,550.00",22280000
02/07/2023,"19,750.00","21,150.00","21,200.00","19,700.00",43380000
02/08/2023,"20,850.00","19,750.00","21,100.00","19,750.00",33810000
02/09/2023,"20,600.00","21,000.00","21,250.00","20,600.00",16340000
02/10/2023,"20,500.00","20,700.00","20,800.00","20,150.00",15830000
02/13/2023,"20,200.00","20,400.00","20,400.00","19,750.00",18740000
02/14/2023,"20,600.00","20,300.00","20,900.00","20,250.00",17290000
02/15/2023,"20,800.00","20,600.00","21,050.00","20,250.00",20080000
02/16/2023,"21,300.00","20,950.00","21,400.00","20,600.00",23910000
02/17/2023,"21,000.00",21650,21650,21000,11460000
